0 verbose cli /opt/homebrew/Cellar/node/24.7.0/bin/node /opt/homebrew/bin/npm
1 info using npm@11.5.1
2 info using node@v24.7.0
3 silly config load:file:/opt/homebrew/lib/node_modules/npm/npmrc
4 silly config load:file:/Users/jacobmohomutsi/code-projects/pomf/.npmrc
5 silly config load:file:/Users/jacobmohomutsi/.npmrc
6 silly config load:file:/opt/homebrew/etc/npmrc
7 verbose title npm install
8 verbose argv "install" "--cache" "./npm-cache" "--legacy-peer-deps"
9 verbose logfile logs-max:10 dir:/Users/jacobmohomutsi/code-projects/pomf/npm-cache/_logs/2026-02-03T20_08_11_903Z-
10 verbose logfile /Users/jacobmohomutsi/code-projects/pomf/npm-cache/_logs/2026-02-03T20_08_11_903Z-debug-0.log
11 silly logfile done cleaning log files
12 silly packumentCache heap:4496293888 maxSize:1124073472 maxEntrySize:562036736
13 silly idealTree buildDeps
14 silly reify moves {}
15 verbose reify failed optional dependency /Users/jacobmohomutsi/code-projects/pomf/node_modules/@tailwindcss/oxide-wasm32-wasi
16 silly reify mark deleted [
16 silly reify   '/Users/jacobmohomutsi/code-projects/pomf/node_modules/@tailwindcss/oxide-wasm32-wasi'
16 silly reify ]
17 silly audit bulk request {
17 silly audit   '@babel/code-frame': [ '7.29.0' ],
17 silly audit   '@babel/compat-data': [ '7.29.0' ],
17 silly audit   '@babel/core': [ '7.29.0' ],
17 silly audit   '@babel/generator': [ '7.29.0' ],
17 silly audit   '@babel/helper-compilation-targets': [ '7.28.6' ],
17 silly audit   '@babel/helper-globals': [ '7.28.0' ],
17 silly audit   '@babel/helper-module-imports': [ '7.28.6' ],
17 silly audit   '@babel/helper-module-transforms': [ '7.28.6' ],
17 silly audit   '@babel/helper-plugin-utils': [ '7.28.6' ],
17 silly audit   '@babel/helper-string-parser': [ '7.27.1' ],
17 silly audit   '@babel/helper-validator-identifier': [ '7.28.5' ],
17 silly audit   '@babel/helper-validator-option': [ '7.27.1' ],
17 silly audit   '@babel/helpers': [ '7.28.6' ],
17 silly audit   '@babel/parser': [ '7.29.0' ],
17 silly audit   '@babel/plugin-transform-react-jsx-self': [ '7.27.1' ],
17 silly audit   '@babel/plugin-transform-react-jsx-source': [ '7.27.1' ],
17 silly audit   '@babel/runtime': [ '7.28.6' ],
17 silly audit   '@babel/template': [ '7.28.6' ],
17 silly audit   '@babel/traverse': [ '7.29.0' ],
17 silly audit   '@babel/types': [ '7.29.0' ],
17 silly audit   '@builder.io/jsx-loc-internals': [ '0.0.1' ],
17 silly audit   '@builder.io/vite-plugin-jsx-loc': [ '0.1.1' ],
17 silly audit   '@date-fns/tz': [ '1.4.1' ],
17 silly audit   '@esbuild/android-arm': [ '0.27.2', '0.21.5' ],
17 silly audit   '@esbuild/android-arm64': [ '0.27.2', '0.21.5' ],
17 silly audit   '@esbuild/android-x64': [ '0.27.2', '0.21.5' ],
17 silly audit   '@esbuild/darwin-arm64': [ '0.27.2', '0.21.5' ],
17 silly audit   '@esbuild/darwin-x64': [ '0.27.2', '0.21.5' ],
17 silly audit   '@esbuild/freebsd-arm64': [ '0.27.2', '0.21.5' ],
17 silly audit   '@esbuild/freebsd-x64': [ '0.27.2', '0.21.5' ],
17 silly audit   '@esbuild/linux-arm': [ '0.27.2', '0.21.5' ],
17 silly audit   '@esbuild/linux-arm64': [ '0.27.2', '0.21.5' ],
17 silly audit   '@esbuild/linux-ia32': [ '0.27.2', '0.21.5' ],
17 silly audit   '@esbuild/linux-loong64': [ '0.27.2', '0.21.5' ],
17 silly audit   '@esbuild/linux-mips64el': [ '0.27.2', '0.21.5' ],
17 silly audit   '@esbuild/linux-ppc64': [ '0.27.2', '0.21.5' ],
17 silly audit   '@esbuild/linux-riscv64': [ '0.27.2', '0.21.5' ],
17 silly audit   '@esbuild/linux-s390x': [ '0.27.2', '0.21.5' ],
17 silly audit   '@esbuild/linux-x64': [ '0.27.2', '0.21.5' ],
17 silly audit   '@esbuild/netbsd-x64': [ '0.27.2', '0.21.5' ],
17 silly audit   '@esbuild/openbsd-x64': [ '0.27.2', '0.21.5' ],
17 silly audit   '@esbuild/sunos-x64': [ '0.27.2', '0.21.5' ],
17 silly audit   '@esbuild/win32-arm64': [ '0.27.2', '0.21.5' ],
17 silly audit   '@esbuild/win32-ia32': [ '0.27.2', '0.21.5' ],
17 silly audit   '@esbuild/win32-x64': [ '0.27.2', '0.21.5' ],
17 silly audit   esbuild: [ '0.27.2', '0.21.5' ],
17 silly audit   '@esbuild/aix-ppc64': [ '0.27.2', '0.21.5' ],
17 silly audit   '@esbuild/netbsd-arm64': [ '0.27.2' ],
17 silly audit   '@esbuild/openbsd-arm64': [ '0.27.2' ],
17 silly audit   '@esbuild/openharmony-arm64': [ '0.27.2' ],
17 silly audit   '@floating-ui/core': [ '1.7.4' ],
17 silly audit   '@floating-ui/dom': [ '1.7.5' ],
17 silly audit   '@floating-ui/react-dom': [ '2.1.7' ],
17 silly audit   '@floating-ui/utils': [ '0.2.10' ],
17 silly audit   '@hookform/resolvers': [ '5.2.2' ],
17 silly audit   '@jridgewell/gen-mapping': [ '0.3.13' ],
17 silly audit   '@jridgewell/remapping': [ '2.3.5' ],
17 silly audit   '@jridgewell/resolve-uri': [ '3.1.2' ],
17 silly audit   '@jridgewell/sourcemap-codec': [ '1.5.5' ],
17 silly audit   '@jridgewell/trace-mapping': [ '0.3.31' ],
17 silly audit   '@medv/finder': [ '4.0.2' ],
17 silly audit   '@radix-ui/number': [ '1.1.1' ],
17 silly audit   '@radix-ui/primitive': [ '1.1.3' ],
17 silly audit   '@radix-ui/react-accordion': [ '1.2.12' ],
17 silly audit   '@radix-ui/react-alert-dialog': [ '1.1.15' ],
17 silly audit   '@radix-ui/react-slot': [ '1.2.3', '1.2.4' ],
17 silly audit   '@radix-ui/react-arrow': [ '1.1.7' ],
17 silly audit   '@radix-ui/react-aspect-ratio': [ '1.1.8' ],
17 silly audit   '@radix-ui/react-primitive': [ '2.1.4', '2.1.3' ],
17 silly audit   '@radix-ui/react-avatar': [ '1.1.11' ],
17 silly audit   '@radix-ui/react-context': [ '1.1.3', '1.1.2' ],
17 silly audit   '@radix-ui/react-checkbox': [ '1.3.3' ],
17 silly audit   '@radix-ui/react-collapsible': [ '1.1.12' ],
17 silly audit   '@radix-ui/react-collection': [ '1.1.7' ],
17 silly audit   '@radix-ui/react-compose-refs': [ '1.1.2' ],
17 silly audit   '@radix-ui/react-context-menu': [ '2.2.16' ],
17 silly audit   '@radix-ui/react-dialog': [ '1.1.15' ],
17 silly audit   '@radix-ui/react-direction': [ '1.1.1' ],
17 silly audit   '@radix-ui/react-dismissable-layer': [ '1.1.11' ],
17 silly audit   '@radix-ui/react-dropdown-menu': [ '2.1.16' ],
17 silly audit   '@radix-ui/react-focus-guards': [ '1.1.3' ],
17 silly audit   '@radix-ui/react-focus-scope': [ '1.1.7' ],
17 silly audit   '@radix-ui/react-hover-card': [ '1.1.15' ],
17 silly audit   '@radix-ui/react-id': [ '1.1.1' ],
17 silly audit   '@radix-ui/react-label': [ '2.1.8' ],
17 silly audit   '@radix-ui/react-menu': [ '2.1.16' ],
17 silly audit   '@radix-ui/react-menubar': [ '1.1.16' ],
17 silly audit   '@radix-ui/react-navigation-menu': [ '1.2.14' ],
17 silly audit   '@radix-ui/react-popover': [ '1.1.15' ],
17 silly audit   '@radix-ui/react-popper': [ '1.2.8' ],
17 silly audit   '@radix-ui/react-portal': [ '1.1.9' ],
17 silly audit   '@radix-ui/react-presence': [ '1.1.5' ],
17 silly audit   '@radix-ui/react-progress': [ '1.1.8' ],
17 silly audit   '@radix-ui/react-radio-group': [ '1.3.8' ],
17 silly audit   '@radix-ui/react-roving-focus': [ '1.1.11' ],
17 silly audit   '@radix-ui/react-scroll-area': [ '1.2.10' ],
17 silly audit   '@radix-ui/react-select': [ '2.2.6' ],
17 silly audit   '@radix-ui/react-separator': [ '1.1.8' ],
17 silly audit   '@radix-ui/react-slider': [ '1.3.6' ],
17 silly audit   '@radix-ui/react-switch': [ '1.2.6' ],
17 silly audit   '@radix-ui/react-tabs': [ '1.1.13' ],
17 silly audit   '@radix-ui/react-toggle': [ '1.1.10' ],
17 silly audit   '@radix-ui/react-toggle-group': [ '1.1.11' ],
17 silly audit   '@radix-ui/react-tooltip': [ '1.2.8' ],
17 silly audit   '@radix-ui/react-use-callback-ref': [ '1.1.1' ],
17 silly audit   '@radix-ui/react-use-controllable-state': [ '1.2.2' ],
17 silly audit   '@radix-ui/react-use-effect-event': [ '0.0.2' ],
17 silly audit   '@radix-ui/react-use-escape-keydown': [ '1.1.1' ],
17 silly audit   '@radix-ui/react-use-is-hydrated': [ '0.1.0' ],
17 silly audit   '@radix-ui/react-use-layout-effect': [ '1.1.1' ],
17 silly audit   '@radix-ui/react-use-previous': [ '1.1.1' ],
17 silly audit   '@radix-ui/react-use-rect': [ '1.1.1' ],
17 silly audit   '@radix-ui/react-use-size': [ '1.1.1' ],
17 silly audit   '@radix-ui/react-visually-hidden': [ '1.2.3' ],
17 silly audit   '@radix-ui/rect': [ '1.1.1' ],
17 silly audit   '@rolldown/pluginutils': [ '1.0.0-rc.2' ],
17 silly audit   '@rollup/rollup-android-arm-eabi': [ '4.57.1' ],
17 silly audit   '@rollup/rollup-android-arm64': [ '4.57.1' ],
17 silly audit   '@rollup/rollup-darwin-arm64': [ '4.57.1' ],
17 silly audit   '@rollup/rollup-darwin-x64': [ '4.57.1' ],
17 silly audit   '@rollup/rollup-freebsd-arm64': [ '4.57.1' ],
17 silly audit   '@rollup/rollup-freebsd-x64': [ '4.57.1' ],
17 silly audit   '@rollup/rollup-linux-arm-gnueabihf': [ '4.57.1' ],
17 silly audit   '@rollup/rollup-linux-arm-musleabihf': [ '4.57.1' ],
17 silly audit   '@rollup/rollup-linux-arm64-gnu': [ '4.57.1' ],
17 silly audit   '@rollup/rollup-linux-arm64-musl': [ '4.57.1' ],
17 silly audit   '@rollup/rollup-linux-loong64-gnu': [ '4.57.1' ],
17 silly audit   '@rollup/rollup-linux-loong64-musl': [ '4.57.1' ],
17 silly audit   '@rollup/rollup-linux-ppc64-gnu': [ '4.57.1' ],
17 silly audit   '@rollup/rollup-linux-ppc64-musl': [ '4.57.1' ],
17 silly audit   '@rollup/rollup-linux-riscv64-gnu': [ '4.57.1' ],
17 silly audit   '@rollup/rollup-linux-riscv64-musl': [ '4.57.1' ],
17 silly audit   '@rollup/rollup-linux-s390x-gnu': [ '4.57.1' ],
17 silly audit   '@rollup/rollup-linux-x64-gnu': [ '4.57.1' ],
17 silly audit   '@rollup/rollup-linux-x64-musl': [ '4.57.1' ],
17 silly audit   '@rollup/rollup-openbsd-x64': [ '4.57.1' ],
17 silly audit   '@rollup/rollup-openharmony-arm64': [ '4.57.1' ],
17 silly audit   '@rollup/rollup-win32-arm64-msvc': [ '4.57.1' ],
17 silly audit   '@rollup/rollup-win32-ia32-msvc': [ '4.57.1' ],
17 silly audit   '@rollup/rollup-win32-x64-gnu': [ '4.57.1' ],
17 silly audit   '@rollup/rollup-win32-x64-msvc': [ '4.57.1' ],
17 silly audit   '@standard-schema/utils': [ '0.3.0' ],
17 silly audit   '@tailwindcss/node': [ '4.1.18' ],
17 silly audit   '@tailwindcss/oxide': [ '4.1.18' ],
17 silly audit   '@tailwindcss/oxide-android-arm64': [ '4.1.18' ],
17 silly audit   '@tailwindcss/oxide-darwin-arm64': [ '4.1.18' ],
17 silly audit   '@tailwindcss/oxide-darwin-x64': [ '4.1.18' ],
17 silly audit   '@tailwindcss/oxide-freebsd-x64': [ '4.1.18' ],
17 silly audit   '@tailwindcss/oxide-linux-arm-gnueabihf': [ '4.1.18' ],
17 silly audit   '@tailwindcss/oxide-linux-arm64-gnu': [ '4.1.18' ],
17 silly audit   '@tailwindcss/oxide-linux-arm64-musl': [ '4.1.18' ],
17 silly audit   '@tailwindcss/oxide-linux-x64-gnu': [ '4.1.18' ],
17 silly audit   '@tailwindcss/oxide-linux-x64-musl': [ '4.1.18' ],
17 silly audit   '@tailwindcss/oxide-win32-arm64-msvc': [ '4.1.18' ],
17 silly audit   '@tailwindcss/oxide-win32-x64-msvc': [ '4.1.18' ],
17 silly audit   '@tailwindcss/typography': [ '0.5.19' ],
17 silly audit   '@tailwindcss/vite': [ '4.1.18' ],
17 silly audit   '@tanstack/query-core': [ '5.90.20' ],
17 silly audit   '@tanstack/react-query': [ '5.90.20' ],
17 silly audit   '@types/babel__core': [ '7.20.5' ],
17 silly audit   '@types/babel__generator': [ '7.27.0' ],
17 silly audit   '@types/babel__template': [ '7.4.4' ],
17 silly audit   '@types/babel__traverse': [ '7.28.0' ],
17 silly audit   '@types/d3-array': [ '3.2.2' ],
17 silly audit   '@types/d3-color': [ '3.1.3' ],
17 silly audit   '@types/d3-ease': [ '3.0.2' ],
17 silly audit   '@types/d3-interpolate': [ '3.0.4' ],
17 silly audit   '@types/d3-path': [ '3.1.1' ],
17 silly audit   '@types/d3-scale': [ '4.0.9' ],
17 silly audit   '@types/d3-shape': [ '3.1.8' ],
17 silly audit   '@types/d3-time': [ '3.0.4' ],
17 silly audit   '@types/d3-timer': [ '3.0.2' ],
17 silly audit   '@types/estree': [ '1.0.8' ],
17 silly audit   '@types/google.maps': [ '3.58.1' ],
17 silly audit   '@types/node': [ '24.10.10' ],
17 silly audit   '@types/react': [ '19.2.10' ],
17 silly audit   '@types/react-dom': [ '19.2.3' ],
17 silly audit   '@vitejs/plugin-react': [ '5.1.3' ],
17 silly audit   '@vitest/expect': [ '2.1.9' ],
17 silly audit   '@vitest/mocker': [ '2.1.9' ],
17 silly audit   'estree-walker': [ '3.0.3', '2.0.2' ],
17 silly audit   '@vitest/pretty-format': [ '2.1.9' ],
17 silly audit   '@vitest/runner': [ '2.1.9' ],
17 silly audit   pathe: [ '1.1.2' ],
17 silly audit   '@vitest/snapshot': [ '2.1.9' ],
17 silly audit   '@vitest/spy': [ '2.1.9' ],
17 silly audit   '@vitest/utils': [ '2.1.9' ],
17 silly audit   add: [ '2.0.6' ],
17 silly audit   'aria-hidden': [ '1.2.6' ],
17 silly audit   'assertion-error': [ '2.0.1' ],
17 silly audit   autoprefixer: [ '10.4.24' ],
17 silly audit   'baseline-browser-mapping': [ '2.9.19' ],
17 silly audit   debug: [ '4.4.3' ],
17 silly audit   ms: [ '2.1.3' ],
17 silly audit   browserslist: [ '4.28.1' ],
17 silly audit   cac: [ '6.7.14' ],
17 silly audit   'caniuse-lite': [ '1.0.30001767' ],
17 silly audit   chai: [ '5.3.3' ],
17 silly audit   'check-error': [ '2.1.3' ],
17 silly audit   'class-variance-authority': [ '0.7.1' ],
17 silly audit   clsx: [ '2.1.1' ],
17 silly audit   cmdk: [ '1.1.1' ],
17 silly audit   'convert-source-map': [ '2.0.0' ],
17 silly audit   cssesc: [ '3.0.0' ],
17 silly audit   csstype: [ '3.2.3' ],
17 silly audit   'd3-array': [ '3.2.4' ],
17 silly audit   'd3-color': [ '3.1.0' ],
17 silly audit   'd3-ease': [ '3.0.1' ],
17 silly audit   'd3-format': [ '3.1.2' ],
17 silly audit   'd3-interpolate': [ '3.0.1' ],
17 silly audit   'd3-path': [ '3.1.0' ],
17 silly audit   'd3-shape': [ '3.2.0' ],
17 silly audit   internmap: [ '2.0.3' ],
17 silly audit   'd3-scale': [ '4.0.2' ],
17 silly audit   'd3-time': [ '3.1.0' ],
17 silly audit   'd3-time-format': [ '4.1.0' ],
17 silly audit   'd3-timer': [ '3.0.1' ],
17 silly audit   'date-fns': [ '4.1.0' ],
17 silly audit   'date-fns-jalali': [ '4.1.0-0' ],
17 silly audit   'decimal.js-light': [ '2.5.1' ],
17 silly audit   'deep-eql': [ '5.0.2' ],
17 silly audit   'detect-libc': [ '2.1.2' ],
17 silly audit   'detect-node-es': [ '1.1.0' ],
17 silly audit   'dom-helpers': [ '5.2.1' ],
17 silly audit   'electron-to-chromium': [ '1.5.286' ],
17 silly audit   'embla-carousel': [ '8.6.0' ],
17 silly audit   'embla-carousel-react': [ '8.6.0' ],
17 silly audit   'embla-carousel-reactive-utils': [ '8.6.0' ],
17 silly audit   'enhanced-resolve': [ '5.19.0' ],
17 silly audit   'es-module-lexer': [ '1.7.0' ],
17 silly audit   escalade: [ '3.2.0' ],
17 silly audit   eventemitter3: [ '4.0.7' ],
17 silly audit   'expect-type': [ '1.3.0' ],
17 silly audit   'fast-equals': [ '5.4.0' ],
17 silly audit   fdir: [ '6.5.0' ],
17 silly audit   'fraction.js': [ '5.3.4' ],
17 silly audit   'framer-motion': [ '12.31.0' ],
17 silly audit   fsevents: [ '2.3.3' ],
17 silly audit   gensync: [ '1.0.0-beta.2' ],
17 silly audit   'get-nonce': [ '1.0.1' ],
17 silly audit   'get-tsconfig': [ '4.13.1' ],
17 silly audit   'graceful-fs': [ '4.2.11' ],
17 silly audit   'input-otp': [ '1.4.2' ],
17 silly audit   jiti: [ '2.6.1' ],
17 silly audit   'js-tokens': [ '4.0.0' ],
17 silly audit   jsesc: [ '3.1.0' ],
17 silly audit   json5: [ '2.2.3' ],
17 silly audit   lightningcss: [ '1.30.2' ],
17 silly audit   'lightningcss-android-arm64': [ '1.30.2' ],
17 silly audit   'lightningcss-darwin-arm64': [ '1.30.2' ],
17 silly audit   'lightningcss-darwin-x64': [ '1.30.2' ],
17 silly audit   'lightningcss-freebsd-x64': [ '1.30.2' ],
17 silly audit   'lightningcss-linux-arm-gnueabihf': [ '1.30.2' ],
17 silly audit   'lightningcss-linux-arm64-gnu': [ '1.30.2' ],
17 silly audit   'lightningcss-linux-arm64-musl': [ '1.30.2' ],
17 silly audit   'lightningcss-linux-x64-gnu': [ '1.30.2' ],
17 silly audit   'lightningcss-linux-x64-musl': [ '1.30.2' ],
17 silly audit   'lightningcss-win32-arm64-msvc': [ '1.30.2' ],
17 silly audit   'lightningcss-win32-x64-msvc': [ '1.30.2' ],
17 silly audit   lodash: [ '4.17.23' ],
17 silly audit   'loose-envify': [ '1.4.0' ],
17 silly audit   loupe: [ '3.2.1' ],
17 silly audit   'lru-cache': [ '5.1.1' ],
17 silly audit   'lucide-react': [ '0.453.0' ],
17 silly audit   'magic-string': [ '0.30.21' ],
17 silly audit   mitt: [ '3.0.1' ],
17 silly audit   'modern-screenshot': [ '4.6.8' ],
17 silly audit   'motion-dom': [ '12.30.1' ],
17 silly audit   'motion-utils': [ '12.29.2' ],
17 silly audit   nanoid: [ '5.1.6', '3.3.11' ],
17 silly audit   'next-themes': [ '0.4.6' ],
17 silly audit   'node-releases': [ '2.0.27' ],
17 silly audit   'object-assign': [ '4.1.1' ],
17 silly audit   pathval: [ '2.0.1' ],
17 silly audit   picocolors: [ '1.1.1' ],
17 silly audit   picomatch: [ '4.0.3' ],
17 silly audit   pnpm: [ '10.28.2' ],
17 silly audit   postcss: [ '8.5.6' ],
17 silly audit   'postcss-selector-parser': [ '6.0.10' ],
17 silly audit   'postcss-value-parser': [ '4.2.0' ],
17 silly audit   prettier: [ '3.8.1' ],
17 silly audit   'prop-types': [ '15.8.1' ],
17 silly audit   'react-is': [ '16.13.1', '18.3.1' ],
17 silly audit   react: [ '19.2.4' ],
17 silly audit   'react-day-picker': [ '9.13.0' ],
17 silly audit   'react-dom': [ '19.2.4' ],
17 silly audit   'react-hook-form': [ '7.71.1' ],
17 silly audit   'react-refresh': [ '0.18.0' ],
17 silly audit   'react-remove-scroll': [ '2.7.2' ],
17 silly audit   'react-remove-scroll-bar': [ '2.3.8' ],
17 silly audit   'react-resizable-panels': [ '3.0.6' ],
17 silly audit   'react-smooth': [ '4.0.4' ],
17 silly audit   'react-style-singleton': [ '2.2.3' ],
17 silly audit   'react-transition-group': [ '4.4.5' ],
17 silly audit   recharts: [ '2.15.4' ],
17 silly audit   'recharts-scale': [ '0.4.5' ],
17 silly audit   regexparam: [ '3.0.0' ],
17 silly audit   'resolve-pkg-maps': [ '1.0.0' ],
17 silly audit   rollup: [ '4.57.1' ],
17 silly audit   scheduler: [ '0.27.0' ],
17 silly audit   semver: [ '6.3.1' ],
17 silly audit   siginfo: [ '2.0.0' ],
17 silly audit   sonner: [ '2.0.7' ],
17 silly audit   'source-map-js': [ '1.2.1' ],
17 silly audit   stackback: [ '0.0.2' ],
17 silly audit   'std-env': [ '3.10.0' ],
17 silly audit   'tailwind-merge': [ '3.4.0' ],
17 silly audit   tailwindcss: [ '4.1.18' ],
17 silly audit   'tailwindcss-animate': [ '1.0.7' ],
17 silly audit   tapable: [ '2.3.0' ],
17 silly audit   'tiny-invariant': [ '1.3.3' ],
17 silly audit   tinybench: [ '2.9.0' ],
17 silly audit   tinyexec: [ '0.3.2' ],
17 silly audit   tinyglobby: [ '0.2.15' ],
17 silly audit   tinypool: [ '1.1.1' ],
17 silly audit   tinyrainbow: [ '1.2.0' ],
17 silly audit   tinyspy: [ '3.0.2' ],
17 silly audit   tslib: [ '2.8.1' ],
17 silly audit   tsx: [ '4.21.0' ],
17 silly audit   'tw-animate-css': [ '1.4.0' ],
17 silly audit   typescript: [ '5.9.3' ],
17 silly audit   'undici-types': [ '7.16.0' ],
17 silly audit   'update-browserslist-db': [ '1.2.3' ],
17 silly audit   'use-callback-ref': [ '1.3.3' ],
17 silly audit   'use-sidecar': [ '1.1.3' ],
17 silly audit   'use-sync-external-store': [ '1.6.0' ],
17 silly audit   'util-deprecate': [ '1.0.2' ],
17 silly audit   vaul: [ '1.1.2' ],
17 silly audit   'victory-vendor': [ '36.9.2' ],
17 silly audit   vite: [ '7.3.1', '5.4.21' ],
17 silly audit   'vite-node': [ '2.1.9' ],
17 silly audit   'vite-plugin-manus-runtime': [ '0.0.57' ],
17 silly audit   vitest: [ '2.1.9' ],
17 silly audit   'why-is-node-running': [ '2.3.0' ],
17 silly audit   wouter: [ '3.9.0' ],
17 silly audit   yallist: [ '3.1.1' ],
17 silly audit   zod: [ '4.3.6' ],
17 silly audit   '@tailwindcss/oxide-wasm32-wasi': [ '4.1.18' ]
17 silly audit }
18 verbose reify failed optional dependency /Users/jacobmohomutsi/code-projects/pomf/node_modules/vitest/node_modules/@esbuild/win32-x64
19 silly reify mark deleted [
19 silly reify   '/Users/jacobmohomutsi/code-projects/pomf/node_modules/vitest/node_modules/@esbuild/win32-x64'
19 silly reify ]
20 verbose reify failed optional dependency /Users/jacobmohomutsi/code-projects/pomf/node_modules/vitest/node_modules/@esbuild/win32-ia32
21 silly reify mark deleted [
21 silly reify   '/Users/jacobmohomutsi/code-projects/pomf/node_modules/vitest/node_modules/@esbuild/win32-ia32'
21 silly reify ]
22 verbose reify failed optional dependency /Users/jacobmohomutsi/code-projects/pomf/node_modules/vitest/node_modules/@esbuild/win32-arm64
23 silly reify mark deleted [
23 silly reify   '/Users/jacobmohomutsi/code-projects/pomf/node_modules/vitest/node_modules/@esbuild/win32-arm64'
23 silly reify ]
24 verbose reify failed optional dependency /Users/jacobmohomutsi/code-projects/pomf/node_modules/vitest/node_modules/@esbuild/sunos-x64
25 silly reify mark deleted [
25 silly reify   '/Users/jacobmohomutsi/code-projects/pomf/node_modules/vitest/node_modules/@esbuild/sunos-x64'
25 silly reify ]
26 verbose reify failed optional dependency /Users/jacobmohomutsi/code-projects/pomf/node_modules/vitest/node_modules/@esbuild/openbsd-x64
27 silly reify mark deleted [
27 silly reify   '/Users/jacobmohomutsi/code-projects/pomf/node_modules/vitest/node_modules/@esbuild/openbsd-x64'
27 silly reify ]
28 verbose reify failed optional dependency /Users/jacobmohomutsi/code-projects/pomf/node_modules/vitest/node_modules/@esbuild/netbsd-x64
29 silly reify mark deleted [
29 silly reify   '/Users/jacobmohomutsi/code-projects/pomf/node_modules/vitest/node_modules/@esbuild/netbsd-x64'
29 silly reify ]
30 verbose reify failed optional dependency /Users/jacobmohomutsi/code-projects/pomf/node_modules/vitest/node_modules/@esbuild/linux-x64
31 silly reify mark deleted [
31 silly reify   '/Users/jacobmohomutsi/code-projects/pomf/node_modules/vitest/node_modules/@esbuild/linux-x64'
31 silly reify ]
32 verbose reify failed optional dependency /Users/jacobmohomutsi/code-projects/pomf/node_modules/vitest/node_modules/@esbuild/linux-s390x
33 silly reify mark deleted [
33 silly reify   '/Users/jacobmohomutsi/code-projects/pomf/node_modules/vitest/node_modules/@esbuild/linux-s390x'
33 silly reify ]
34 verbose reify failed optional dependency /Users/jacobmohomutsi/code-projects/pomf/node_modules/vitest/node_modules/@esbuild/linux-riscv64
35 silly reify mark deleted [
35 silly reify   '/Users/jacobmohomutsi/code-projects/pomf/node_modules/vitest/node_modules/@esbuild/linux-riscv64'
35 silly reify ]
36 verbose reify failed optional dependency /Users/jacobmohomutsi/code-projects/pomf/node_modules/vitest/node_modules/@esbuild/linux-ppc64
37 silly reify mark deleted [
37 silly reify   '/Users/jacobmohomutsi/code-projects/pomf/node_modules/vitest/node_modules/@esbuild/linux-ppc64'
37 silly reify ]
38 verbose reify failed optional dependency /Users/jacobmohomutsi/code-projects/pomf/node_modules/vitest/node_modules/@esbuild/linux-mips64el
39 silly reify mark deleted [
39 silly reify   '/Users/jacobmohomutsi/code-projects/pomf/node_modules/vitest/node_modules/@esbuild/linux-mips64el'
39 silly reify ]
40 verbose reify failed optional dependency /Users/jacobmohomutsi/code-projects/pomf/node_modules/vitest/node_modules/@esbuild/linux-loong64
41 silly reify mark deleted [
41 silly reify   '/Users/jacobmohomutsi/code-projects/pomf/node_modules/vitest/node_modules/@esbuild/linux-loong64'
41 silly reify ]
42 verbose reify failed optional dependency /Users/jacobmohomutsi/code-projects/pomf/node_modules/vitest/node_modules/@esbuild/linux-ia32
43 silly reify mark deleted [
43 silly reify   '/Users/jacobmohomutsi/code-projects/pomf/node_modules/vitest/node_modules/@esbuild/linux-ia32'
43 silly reify ]
44 verbose reify failed optional dependency /Users/jacobmohomutsi/code-projects/pomf/node_modules/vitest/node_modules/@esbuild/linux-arm64
45 silly reify mark deleted [
45 silly reify   '/Users/jacobmohomutsi/code-projects/pomf/node_modules/vitest/node_modules/@esbuild/linux-arm64'
45 silly reify ]
46 verbose reify failed optional dependency /Users/jacobmohomutsi/code-projects/pomf/node_modules/vitest/node_modules/@esbuild/linux-arm
47 silly reify mark deleted [
47 silly reify   '/Users/jacobmohomutsi/code-projects/pomf/node_modules/vitest/node_modules/@esbuild/linux-arm'
47 silly reify ]
48 verbose reify failed optional dependency /Users/jacobmohomutsi/code-projects/pomf/node_modules/vitest/node_modules/@esbuild/freebsd-x64
49 silly reify mark deleted [
49 silly reify   '/Users/jacobmohomutsi/code-projects/pomf/node_modules/vitest/node_modules/@esbuild/freebsd-x64'
49 silly reify ]
50 verbose reify failed optional dependency /Users/jacobmohomutsi/code-projects/pomf/node_modules/vitest/node_modules/@esbuild/freebsd-arm64
51 silly reify mark deleted [
51 silly reify   '/Users/jacobmohomutsi/code-projects/pomf/node_modules/vitest/node_modules/@esbuild/freebsd-arm64'
51 silly reify ]
52 verbose reify failed optional dependency /Users/jacobmohomutsi/code-projects/pomf/node_modules/vitest/node_modules/@esbuild/darwin-x64
53 silly reify mark deleted [
53 silly reify   '/Users/jacobmohomutsi/code-projects/pomf/node_modules/vitest/node_modules/@esbuild/darwin-x64'
53 silly reify ]
54 verbose reify failed optional dependency /Users/jacobmohomutsi/code-projects/pomf/node_modules/vitest/node_modules/@esbuild/android-x64
55 silly reify mark deleted [
55 silly reify   '/Users/jacobmohomutsi/code-projects/pomf/node_modules/vitest/node_modules/@esbuild/android-x64'
55 silly reify ]
56 verbose reify failed optional dependency /Users/jacobmohomutsi/code-projects/pomf/node_modules/vitest/node_modules/@esbuild/android-arm64
57 silly reify mark deleted [
57 silly reify   '/Users/jacobmohomutsi/code-projects/pomf/node_modules/vitest/node_modules/@esbuild/android-arm64'
57 silly reify ]
58 verbose reify failed optional dependency /Users/jacobmohomutsi/code-projects/pomf/node_modules/vitest/node_modules/@esbuild/android-arm
59 silly reify mark deleted [
59 silly reify   '/Users/jacobmohomutsi/code-projects/pomf/node_modules/vitest/node_modules/@esbuild/android-arm'
59 silly reify ]
60 verbose reify failed optional dependency /Users/jacobmohomutsi/code-projects/pomf/node_modules/vitest/node_modules/@esbuild/aix-ppc64
61 silly reify mark deleted [
61 silly reify   '/Users/jacobmohomutsi/code-projects/pomf/node_modules/vitest/node_modules/@esbuild/aix-ppc64'
61 silly reify ]
62 verbose reify failed optional dependency /Users/jacobmohomutsi/code-projects/pomf/node_modules/vite-node/node_modules/@esbuild/win32-x64
63 silly reify mark deleted [
63 silly reify   '/Users/jacobmohomutsi/code-projects/pomf/node_modules/vite-node/node_modules/@esbuild/win32-x64'
63 silly reify ]
64 verbose reify failed optional dependency /Users/jacobmohomutsi/code-projects/pomf/node_modules/vite-node/node_modules/@esbuild/win32-ia32
65 silly reify mark deleted [
65 silly reify   '/Users/jacobmohomutsi/code-projects/pomf/node_modules/vite-node/node_modules/@esbuild/win32-ia32'
65 silly reify ]
66 verbose reify failed optional dependency /Users/jacobmohomutsi/code-projects/pomf/node_modules/vite-node/node_modules/@esbuild/win32-arm64
67 silly reify mark deleted [
67 silly reify   '/Users/jacobmohomutsi/code-projects/pomf/node_modules/vite-node/node_modules/@esbuild/win32-arm64'
67 silly reify ]
68 verbose reify failed optional dependency /Users/jacobmohomutsi/code-projects/pomf/node_modules/vite-node/node_modules/@esbuild/sunos-x64
69 silly reify mark deleted [
69 silly reify   '/Users/jacobmohomutsi/code-projects/pomf/node_modules/vite-node/node_modules/@esbuild/sunos-x64'
69 silly reify ]
70 verbose reify failed optional dependency /Users/jacobmohomutsi/code-projects/pomf/node_modules/vite-node/node_modules/@esbuild/openbsd-x64
71 silly reify mark deleted [
71 silly reify   '/Users/jacobmohomutsi/code-projects/pomf/node_modules/vite-node/node_modules/@esbuild/openbsd-x64'
71 silly reify ]
72 verbose reify failed optional dependency /Users/jacobmohomutsi/code-projects/pomf/node_modules/vite-node/node_modules/@esbuild/netbsd-x64
73 silly reify mark deleted [
73 silly reify   '/Users/jacobmohomutsi/code-projects/pomf/node_modules/vite-node/node_modules/@esbuild/netbsd-x64'
73 silly reify ]
74 verbose reify failed optional dependency /Users/jacobmohomutsi/code-projects/pomf/node_modules/vite-node/node_modules/@esbuild/linux-x64
75 silly reify mark deleted [
75 silly reify   '/Users/jacobmohomutsi/code-projects/pomf/node_modules/vite-node/node_modules/@esbuild/linux-x64'
75 silly reify ]
76 verbose reify failed optional dependency /Users/jacobmohomutsi/code-projects/pomf/node_modules/vite-node/node_modules/@esbuild/linux-s390x
77 silly reify mark deleted [
77 silly reify   '/Users/jacobmohomutsi/code-projects/pomf/node_modules/vite-node/node_modules/@esbuild/linux-s390x'
77 silly reify ]
78 verbose reify failed optional dependency /Users/jacobmohomutsi/code-projects/pomf/node_modules/vite-node/node_modules/@esbuild/linux-riscv64
79 silly reify mark deleted [
79 silly reify   '/Users/jacobmohomutsi/code-projects/pomf/node_modules/vite-node/node_modules/@esbuild/linux-riscv64'
79 silly reify ]
80 verbose reify failed optional dependency /Users/jacobmohomutsi/code-projects/pomf/node_modules/vite-node/node_modules/@esbuild/linux-ppc64
81 silly reify mark deleted [
81 silly reify   '/Users/jacobmohomutsi/code-projects/pomf/node_modules/vite-node/node_modules/@esbuild/linux-ppc64'
81 silly reify ]
82 verbose reify failed optional dependency /Users/jacobmohomutsi/code-projects/pomf/node_modules/vite-node/node_modules/@esbuild/linux-mips64el
83 silly reify mark deleted [
83 silly reify   '/Users/jacobmohomutsi/code-projects/pomf/node_modules/vite-node/node_modules/@esbuild/linux-mips64el'
83 silly reify ]
84 verbose reify failed optional dependency /Users/jacobmohomutsi/code-projects/pomf/node_modules/vite-node/node_modules/@esbuild/linux-loong64
85 silly reify mark deleted [
85 silly reify   '/Users/jacobmohomutsi/code-projects/pomf/node_modules/vite-node/node_modules/@esbuild/linux-loong64'
85 silly reify ]
86 verbose reify failed optional dependency /Users/jacobmohomutsi/code-projects/pomf/node_modules/vite-node/node_modules/@esbuild/linux-ia32
87 silly reify mark deleted [
87 silly reify   '/Users/jacobmohomutsi/code-projects/pomf/node_modules/vite-node/node_modules/@esbuild/linux-ia32'
87 silly reify ]
88 verbose reify failed optional dependency /Users/jacobmohomutsi/code-projects/pomf/node_modules/vite-node/node_modules/@esbuild/linux-arm64
89 silly reify mark deleted [
89 silly reify   '/Users/jacobmohomutsi/code-projects/pomf/node_modules/vite-node/node_modules/@esbuild/linux-arm64'
89 silly reify ]
90 verbose reify failed optional dependency /Users/jacobmohomutsi/code-projects/pomf/node_modules/vite-node/node_modules/@esbuild/linux-arm
91 silly reify mark deleted [
91 silly reify   '/Users/jacobmohomutsi/code-projects/pomf/node_modules/vite-node/node_modules/@esbuild/linux-arm'
91 silly reify ]
92 verbose reify failed optional dependency /Users/jacobmohomutsi/code-projects/pomf/node_modules/vite-node/node_modules/@esbuild/freebsd-x64
93 silly reify mark deleted [
93 silly reify   '/Users/jacobmohomutsi/code-projects/pomf/node_modules/vite-node/node_modules/@esbuild/freebsd-x64'
93 silly reify ]
94 verbose reify failed optional dependency /Users/jacobmohomutsi/code-projects/pomf/node_modules/vite-node/node_modules/@esbuild/freebsd-arm64
95 silly reify mark deleted [
95 silly reify   '/Users/jacobmohomutsi/code-projects/pomf/node_modules/vite-node/node_modules/@esbuild/freebsd-arm64'
95 silly reify ]
96 verbose reify failed optional dependency /Users/jacobmohomutsi/code-projects/pomf/node_modules/vite-node/node_modules/@esbuild/darwin-x64
97 silly reify mark deleted [
97 silly reify   '/Users/jacobmohomutsi/code-projects/pomf/node_modules/vite-node/node_modules/@esbuild/darwin-x64'
97 silly reify ]
98 verbose reify failed optional dependency /Users/jacobmohomutsi/code-projects/pomf/node_modules/vite-node/node_modules/@esbuild/android-x64
99 silly reify mark deleted [
99 silly reify   '/Users/jacobmohomutsi/code-projects/pomf/node_modules/vite-node/node_modules/@esbuild/android-x64'
99 silly reify ]
100 verbose reify failed optional dependency /Users/jacobmohomutsi/code-projects/pomf/node_modules/vite-node/node_modules/@esbuild/android-arm64
101 silly reify mark deleted [
101 silly reify   '/Users/jacobmohomutsi/code-projects/pomf/node_modules/vite-node/node_modules/@esbuild/android-arm64'
101 silly reify ]
102 verbose reify failed optional dependency /Users/jacobmohomutsi/code-projects/pomf/node_modules/vite-node/node_modules/@esbuild/android-arm
103 silly reify mark deleted [
103 silly reify   '/Users/jacobmohomutsi/code-projects/pomf/node_modules/vite-node/node_modules/@esbuild/android-arm'
103 silly reify ]
104 verbose reify failed optional dependency /Users/jacobmohomutsi/code-projects/pomf/node_modules/vite-node/node_modules/@esbuild/aix-ppc64
105 silly reify mark deleted [
105 silly reify   '/Users/jacobmohomutsi/code-projects/pomf/node_modules/vite-node/node_modules/@esbuild/aix-ppc64'
105 silly reify ]
106 verbose reify failed optional dependency /Users/jacobmohomutsi/code-projects/pomf/node_modules/vite/node_modules/@esbuild/win32-x64
107 silly reify mark deleted [
107 silly reify   '/Users/jacobmohomutsi/code-projects/pomf/node_modules/vite/node_modules/@esbuild/win32-x64'
107 silly reify ]
108 verbose reify failed optional dependency /Users/jacobmohomutsi/code-projects/pomf/node_modules/vite/node_modules/@esbuild/win32-ia32
109 silly reify mark deleted [
109 silly reify   '/Users/jacobmohomutsi/code-projects/pomf/node_modules/vite/node_modules/@esbuild/win32-ia32'
109 silly reify ]
110 verbose reify failed optional dependency /Users/jacobmohomutsi/code-projects/pomf/node_modules/vite/node_modules/@esbuild/win32-arm64
111 silly reify mark deleted [
111 silly reify   '/Users/jacobmohomutsi/code-projects/pomf/node_modules/vite/node_modules/@esbuild/win32-arm64'
111 silly reify ]
112 verbose reify failed optional dependency /Users/jacobmohomutsi/code-projects/pomf/node_modules/vite/node_modules/@esbuild/sunos-x64
113 silly reify mark deleted [
113 silly reify   '/Users/jacobmohomutsi/code-projects/pomf/node_modules/vite/node_modules/@esbuild/sunos-x64'
113 silly reify ]
114 verbose reify failed optional dependency /Users/jacobmohomutsi/code-projects/pomf/node_modules/vite/node_modules/@esbuild/openharmony-arm64
115 silly reify mark deleted [
115 silly reify   '/Users/jacobmohomutsi/code-projects/pomf/node_modules/vite/node_modules/@esbuild/openharmony-arm64'
115 silly reify ]
116 verbose reify failed optional dependency /Users/jacobmohomutsi/code-projects/pomf/node_modules/vite/node_modules/@esbuild/openbsd-x64
117 silly reify mark deleted [
117 silly reify   '/Users/jacobmohomutsi/code-projects/pomf/node_modules/vite/node_modules/@esbuild/openbsd-x64'
117 silly reify ]
118 verbose reify failed optional dependency /Users/jacobmohomutsi/code-projects/pomf/node_modules/vite/node_modules/@esbuild/openbsd-arm64
119 silly reify mark deleted [
119 silly reify   '/Users/jacobmohomutsi/code-projects/pomf/node_modules/vite/node_modules/@esbuild/openbsd-arm64'
119 silly reify ]
120 verbose reify failed optional dependency /Users/jacobmohomutsi/code-projects/pomf/node_modules/vite/node_modules/@esbuild/netbsd-x64
121 silly reify mark deleted [
121 silly reify   '/Users/jacobmohomutsi/code-projects/pomf/node_modules/vite/node_modules/@esbuild/netbsd-x64'
121 silly reify ]
122 verbose reify failed optional dependency /Users/jacobmohomutsi/code-projects/pomf/node_modules/vite/node_modules/@esbuild/netbsd-arm64
123 silly reify mark deleted [
123 silly reify   '/Users/jacobmohomutsi/code-projects/pomf/node_modules/vite/node_modules/@esbuild/netbsd-arm64'
123 silly reify ]
124 verbose reify failed optional dependency /Users/jacobmohomutsi/code-projects/pomf/node_modules/vite/node_modules/@esbuild/linux-x64
125 silly reify mark deleted [
125 silly reify   '/Users/jacobmohomutsi/code-projects/pomf/node_modules/vite/node_modules/@esbuild/linux-x64'
125 silly reify ]
126 verbose reify failed optional dependency /Users/jacobmohomutsi/code-projects/pomf/node_modules/vite/node_modules/@esbuild/linux-s390x
127 silly reify mark deleted [
127 silly reify   '/Users/jacobmohomutsi/code-projects/pomf/node_modules/vite/node_modules/@esbuild/linux-s390x'
127 silly reify ]
128 verbose reify failed optional dependency /Users/jacobmohomutsi/code-projects/pomf/node_modules/vite/node_modules/@esbuild/linux-riscv64
129 silly reify mark deleted [
129 silly reify   '/Users/jacobmohomutsi/code-projects/pomf/node_modules/vite/node_modules/@esbuild/linux-riscv64'
129 silly reify ]
130 verbose reify failed optional dependency /Users/jacobmohomutsi/code-projects/pomf/node_modules/vite/node_modules/@esbuild/linux-ppc64
131 silly reify mark deleted [
131 silly reify   '/Users/jacobmohomutsi/code-projects/pomf/node_modules/vite/node_modules/@esbuild/linux-ppc64'
131 silly reify ]
132 verbose reify failed optional dependency /Users/jacobmohomutsi/code-projects/pomf/node_modules/vite/node_modules/@esbuild/linux-mips64el
133 silly reify mark deleted [
133 silly reify   '/Users/jacobmohomutsi/code-projects/pomf/node_modules/vite/node_modules/@esbuild/linux-mips64el'
133 silly reify ]
134 verbose reify failed optional dependency /Users/jacobmohomutsi/code-projects/pomf/node_modules/vite/node_modules/@esbuild/linux-loong64
135 silly reify mark deleted [
135 silly reify   '/Users/jacobmohomutsi/code-projects/pomf/node_modules/vite/node_modules/@esbuild/linux-loong64'
135 silly reify ]
136 verbose reify failed optional dependency /Users/jacobmohomutsi/code-projects/pomf/node_modules/vite/node_modules/@esbuild/linux-ia32
137 silly reify mark deleted [
137 silly reify   '/Users/jacobmohomutsi/code-projects/pomf/node_modules/vite/node_modules/@esbuild/linux-ia32'
137 silly reify ]
138 verbose reify failed optional dependency /Users/jacobmohomutsi/code-projects/pomf/node_modules/vite/node_modules/@esbuild/linux-arm64
139 silly reify mark deleted [
139 silly reify   '/Users/jacobmohomutsi/code-projects/pomf/node_modules/vite/node_modules/@esbuild/linux-arm64'
139 silly reify ]
140 verbose reify failed optional dependency /Users/jacobmohomutsi/code-projects/pomf/node_modules/vite/node_modules/@esbuild/linux-arm
141 silly reify mark deleted [
141 silly reify   '/Users/jacobmohomutsi/code-projects/pomf/node_modules/vite/node_modules/@esbuild/linux-arm'
141 silly reify ]
142 verbose reify failed optional dependency /Users/jacobmohomutsi/code-projects/pomf/node_modules/vite/node_modules/@esbuild/freebsd-x64
143 silly reify mark deleted [
143 silly reify   '/Users/jacobmohomutsi/code-projects/pomf/node_modules/vite/node_modules/@esbuild/freebsd-x64'
143 silly reify ]
144 verbose reify failed optional dependency /Users/jacobmohomutsi/code-projects/pomf/node_modules/vite/node_modules/@esbuild/freebsd-arm64
145 silly reify mark deleted [
145 silly reify   '/Users/jacobmohomutsi/code-projects/pomf/node_modules/vite/node_modules/@esbuild/freebsd-arm64'
145 silly reify ]
146 verbose reify failed optional dependency /Users/jacobmohomutsi/code-projects/pomf/node_modules/vite/node_modules/@esbuild/darwin-x64
147 silly reify mark deleted [
147 silly reify   '/Users/jacobmohomutsi/code-projects/pomf/node_modules/vite/node_modules/@esbuild/darwin-x64'
147 silly reify ]
148 verbose reify failed optional dependency /Users/jacobmohomutsi/code-projects/pomf/node_modules/vite/node_modules/@esbuild/android-x64
149 silly reify mark deleted [
149 silly reify   '/Users/jacobmohomutsi/code-projects/pomf/node_modules/vite/node_modules/@esbuild/android-x64'
149 silly reify ]
150 verbose reify failed optional dependency /Users/jacobmohomutsi/code-projects/pomf/node_modules/vite/node_modules/@esbuild/android-arm64
151 silly reify mark deleted [
151 silly reify   '/Users/jacobmohomutsi/code-projects/pomf/node_modules/vite/node_modules/@esbuild/android-arm64'
151 silly reify ]
152 verbose reify failed optional dependency /Users/jacobmohomutsi/code-projects/pomf/node_modules/vite/node_modules/@esbuild/android-arm
153 silly reify mark deleted [
153 silly reify   '/Users/jacobmohomutsi/code-projects/pomf/node_modules/vite/node_modules/@esbuild/android-arm'
153 silly reify ]
154 verbose reify failed optional dependency /Users/jacobmohomutsi/code-projects/pomf/node_modules/vite/node_modules/@esbuild/aix-ppc64
155 silly reify mark deleted [
155 silly reify   '/Users/jacobmohomutsi/code-projects/pomf/node_modules/vite/node_modules/@esbuild/aix-ppc64'
155 silly reify ]
156 verbose reify failed optional dependency /Users/jacobmohomutsi/code-projects/pomf/node_modules/tsx/node_modules/@esbuild/win32-x64
157 silly reify mark deleted [
157 silly reify   '/Users/jacobmohomutsi/code-projects/pomf/node_modules/tsx/node_modules/@esbuild/win32-x64'
157 silly reify ]
158 verbose reify failed optional dependency /Users/jacobmohomutsi/code-projects/pomf/node_modules/tsx/node_modules/@esbuild/win32-ia32
159 silly reify mark deleted [
159 silly reify   '/Users/jacobmohomutsi/code-projects/pomf/node_modules/tsx/node_modules/@esbuild/win32-ia32'
159 silly reify ]
160 verbose reify failed optional dependency /Users/jacobmohomutsi/code-projects/pomf/node_modules/tsx/node_modules/@esbuild/win32-arm64
161 silly reify mark deleted [
161 silly reify   '/Users/jacobmohomutsi/code-projects/pomf/node_modules/tsx/node_modules/@esbuild/win32-arm64'
161 silly reify ]
162 verbose reify failed optional dependency /Users/jacobmohomutsi/code-projects/pomf/node_modules/tsx/node_modules/@esbuild/sunos-x64
163 silly reify mark deleted [
163 silly reify   '/Users/jacobmohomutsi/code-projects/pomf/node_modules/tsx/node_modules/@esbuild/sunos-x64'
163 silly reify ]
164 verbose reify failed optional dependency /Users/jacobmohomutsi/code-projects/pomf/node_modules/tsx/node_modules/@esbuild/openharmony-arm64
165 silly reify mark deleted [
165 silly reify   '/Users/jacobmohomutsi/code-projects/pomf/node_modules/tsx/node_modules/@esbuild/openharmony-arm64'
165 silly reify ]
166 verbose reify failed optional dependency /Users/jacobmohomutsi/code-projects/pomf/node_modules/tsx/node_modules/@esbuild/openbsd-x64
167 silly reify mark deleted [
167 silly reify   '/Users/jacobmohomutsi/code-projects/pomf/node_modules/tsx/node_modules/@esbuild/openbsd-x64'
167 silly reify ]
168 verbose reify failed optional dependency /Users/jacobmohomutsi/code-projects/pomf/node_modules/tsx/node_modules/@esbuild/openbsd-arm64
169 silly reify mark deleted [
169 silly reify   '/Users/jacobmohomutsi/code-projects/pomf/node_modules/tsx/node_modules/@esbuild/openbsd-arm64'
169 silly reify ]
170 verbose reify failed optional dependency /Users/jacobmohomutsi/code-projects/pomf/node_modules/tsx/node_modules/@esbuild/netbsd-x64
171 silly reify mark deleted [
171 silly reify   '/Users/jacobmohomutsi/code-projects/pomf/node_modules/tsx/node_modules/@esbuild/netbsd-x64'
171 silly reify ]
172 verbose reify failed optional dependency /Users/jacobmohomutsi/code-projects/pomf/node_modules/tsx/node_modules/@esbuild/netbsd-arm64
173 silly reify mark deleted [
173 silly reify   '/Users/jacobmohomutsi/code-projects/pomf/node_modules/tsx/node_modules/@esbuild/netbsd-arm64'
173 silly reify ]
174 verbose reify failed optional dependency /Users/jacobmohomutsi/code-projects/pomf/node_modules/tsx/node_modules/@esbuild/linux-x64
175 silly reify mark deleted [
175 silly reify   '/Users/jacobmohomutsi/code-projects/pomf/node_modules/tsx/node_modules/@esbuild/linux-x64'
175 silly reify ]
176 verbose reify failed optional dependency /Users/jacobmohomutsi/code-projects/pomf/node_modules/tsx/node_modules/@esbuild/linux-s390x
177 silly reify mark deleted [
177 silly reify   '/Users/jacobmohomutsi/code-projects/pomf/node_modules/tsx/node_modules/@esbuild/linux-s390x'
177 silly reify ]
178 verbose reify failed optional dependency /Users/jacobmohomutsi/code-projects/pomf/node_modules/tsx/node_modules/@esbuild/linux-riscv64
179 silly reify mark deleted [
179 silly reify   '/Users/jacobmohomutsi/code-projects/pomf/node_modules/tsx/node_modules/@esbuild/linux-riscv64'
179 silly reify ]
180 verbose reify failed optional dependency /Users/jacobmohomutsi/code-projects/pomf/node_modules/tsx/node_modules/@esbuild/linux-ppc64
181 silly reify mark deleted [
181 silly reify   '/Users/jacobmohomutsi/code-projects/pomf/node_modules/tsx/node_modules/@esbuild/linux-ppc64'
181 silly reify ]
182 verbose reify failed optional dependency /Users/jacobmohomutsi/code-projects/pomf/node_modules/tsx/node_modules/@esbuild/linux-mips64el
183 silly reify mark deleted [
183 silly reify   '/Users/jacobmohomutsi/code-projects/pomf/node_modules/tsx/node_modules/@esbuild/linux-mips64el'
183 silly reify ]
184 verbose reify failed optional dependency /Users/jacobmohomutsi/code-projects/pomf/node_modules/tsx/node_modules/@esbuild/linux-loong64
185 silly reify mark deleted [
185 silly reify   '/Users/jacobmohomutsi/code-projects/pomf/node_modules/tsx/node_modules/@esbuild/linux-loong64'
185 silly reify ]
186 verbose reify failed optional dependency /Users/jacobmohomutsi/code-projects/pomf/node_modules/tsx/node_modules/@esbuild/linux-ia32
187 silly reify mark deleted [
187 silly reify   '/Users/jacobmohomutsi/code-projects/pomf/node_modules/tsx/node_modules/@esbuild/linux-ia32'
187 silly reify ]
188 verbose reify failed optional dependency /Users/jacobmohomutsi/code-projects/pomf/node_modules/tsx/node_modules/@esbuild/linux-arm64
189 silly reify mark deleted [
189 silly reify   '/Users/jacobmohomutsi/code-projects/pomf/node_modules/tsx/node_modules/@esbuild/linux-arm64'
189 silly reify ]
190 verbose reify failed optional dependency /Users/jacobmohomutsi/code-projects/pomf/node_modules/tsx/node_modules/@esbuild/linux-arm
191 silly reify mark deleted [
191 silly reify   '/Users/jacobmohomutsi/code-projects/pomf/node_modules/tsx/node_modules/@esbuild/linux-arm'
191 silly reify ]
192 verbose reify failed optional dependency /Users/jacobmohomutsi/code-projects/pomf/node_modules/tsx/node_modules/@esbuild/freebsd-x64
193 silly reify mark deleted [
193 silly reify   '/Users/jacobmohomutsi/code-projects/pomf/node_modules/tsx/node_modules/@esbuild/freebsd-x64'
193 silly reify ]
194 verbose reify failed optional dependency /Users/jacobmohomutsi/code-projects/pomf/node_modules/tsx/node_modules/@esbuild/freebsd-arm64
195 silly reify mark deleted [
195 silly reify   '/Users/jacobmohomutsi/code-projects/pomf/node_modules/tsx/node_modules/@esbuild/freebsd-arm64'
195 silly reify ]
196 verbose reify failed optional dependency /Users/jacobmohomutsi/code-projects/pomf/node_modules/tsx/node_modules/@esbuild/darwin-x64
197 silly reify mark deleted [
197 silly reify   '/Users/jacobmohomutsi/code-projects/pomf/node_modules/tsx/node_modules/@esbuild/darwin-x64'
197 silly reify ]
198 verbose reify failed optional dependency /Users/jacobmohomutsi/code-projects/pomf/node_modules/tsx/node_modules/@esbuild/android-x64
199 silly reify mark deleted [
199 silly reify   '/Users/jacobmohomutsi/code-projects/pomf/node_modules/tsx/node_modules/@esbuild/android-x64'
199 silly reify ]
200 verbose reify failed optional dependency /Users/jacobmohomutsi/code-projects/pomf/node_modules/tsx/node_modules/@esbuild/android-arm64
201 silly reify mark deleted [
201 silly reify   '/Users/jacobmohomutsi/code-projects/pomf/node_modules/tsx/node_modules/@esbuild/android-arm64'
201 silly reify ]
202 verbose reify failed optional dependency /Users/jacobmohomutsi/code-projects/pomf/node_modules/tsx/node_modules/@esbuild/android-arm
203 silly reify mark deleted [
203 silly reify   '/Users/jacobmohomutsi/code-projects/pomf/node_modules/tsx/node_modules/@esbuild/android-arm'
203 silly reify ]
204 verbose reify failed optional dependency /Users/jacobmohomutsi/code-projects/pomf/node_modules/tsx/node_modules/@esbuild/aix-ppc64
205 silly reify mark deleted [
205 silly reify   '/Users/jacobmohomutsi/code-projects/pomf/node_modules/tsx/node_modules/@esbuild/aix-ppc64'
205 silly reify ]
206 verbose reify failed optional dependency /Users/jacobmohomutsi/code-projects/pomf/node_modules/lightningcss-win32-x64-msvc
207 silly reify mark deleted [
207 silly reify   '/Users/jacobmohomutsi/code-projects/pomf/node_modules/lightningcss-win32-x64-msvc'
207 silly reify ]
208 verbose reify failed optional dependency /Users/jacobmohomutsi/code-projects/pomf/node_modules/lightningcss-win32-arm64-msvc
209 silly reify mark deleted [
209 silly reify   '/Users/jacobmohomutsi/code-projects/pomf/node_modules/lightningcss-win32-arm64-msvc'
209 silly reify ]
210 verbose reify failed optional dependency /Users/jacobmohomutsi/code-projects/pomf/node_modules/lightningcss-linux-x64-musl
211 silly reify mark deleted [
211 silly reify   '/Users/jacobmohomutsi/code-projects/pomf/node_modules/lightningcss-linux-x64-musl'
211 silly reify ]
212 verbose reify failed optional dependency /Users/jacobmohomutsi/code-projects/pomf/node_modules/lightningcss-linux-x64-gnu
213 silly reify mark deleted [
213 silly reify   '/Users/jacobmohomutsi/code-projects/pomf/node_modules/lightningcss-linux-x64-gnu'
213 silly reify ]
214 verbose reify failed optional dependency /Users/jacobmohomutsi/code-projects/pomf/node_modules/lightningcss-linux-arm64-musl
215 silly reify mark deleted [
215 silly reify   '/Users/jacobmohomutsi/code-projects/pomf/node_modules/lightningcss-linux-arm64-musl'
215 silly reify ]
216 verbose reify failed optional dependency /Users/jacobmohomutsi/code-projects/pomf/node_modules/lightningcss-linux-arm64-gnu
217 silly reify mark deleted [
217 silly reify   '/Users/jacobmohomutsi/code-projects/pomf/node_modules/lightningcss-linux-arm64-gnu'
217 silly reify ]
218 verbose reify failed optional dependency /Users/jacobmohomutsi/code-projects/pomf/node_modules/lightningcss-linux-arm-gnueabihf
219 silly reify mark deleted [
219 silly reify   '/Users/jacobmohomutsi/code-projects/pomf/node_modules/lightningcss-linux-arm-gnueabihf'
219 silly reify ]
220 verbose reify failed optional dependency /Users/jacobmohomutsi/code-projects/pomf/node_modules/lightningcss-freebsd-x64
221 silly reify mark deleted [
221 silly reify   '/Users/jacobmohomutsi/code-projects/pomf/node_modules/lightningcss-freebsd-x64'
221 silly reify ]
222 verbose reify failed optional dependency /Users/jacobmohomutsi/code-projects/pomf/node_modules/lightningcss-darwin-x64
223 silly reify mark deleted [
223 silly reify   '/Users/jacobmohomutsi/code-projects/pomf/node_modules/lightningcss-darwin-x64'
223 silly reify ]
224 verbose reify failed optional dependency /Users/jacobmohomutsi/code-projects/pomf/node_modules/lightningcss-android-arm64
225 silly reify mark deleted [
225 silly reify   '/Users/jacobmohomutsi/code-projects/pomf/node_modules/lightningcss-android-arm64'
225 silly reify ]
226 verbose reify failed optional dependency /Users/jacobmohomutsi/code-projects/pomf/node_modules/@tailwindcss/oxide-win32-x64-msvc
227 silly reify mark deleted [
227 silly reify   '/Users/jacobmohomutsi/code-projects/pomf/node_modules/@tailwindcss/oxide-win32-x64-msvc'
227 silly reify ]
228 verbose reify failed optional dependency /Users/jacobmohomutsi/code-projects/pomf/node_modules/@tailwindcss/oxide-win32-arm64-msvc
229 silly reify mark deleted [
229 silly reify   '/Users/jacobmohomutsi/code-projects/pomf/node_modules/@tailwindcss/oxide-win32-arm64-msvc'
229 silly reify ]
230 verbose reify failed optional dependency /Users/jacobmohomutsi/code-projects/pomf/node_modules/@tailwindcss/oxide-linux-x64-musl
231 silly reify mark deleted [
231 silly reify   '/Users/jacobmohomutsi/code-projects/pomf/node_modules/@tailwindcss/oxide-linux-x64-musl'
231 silly reify ]
232 verbose reify failed optional dependency /Users/jacobmohomutsi/code-projects/pomf/node_modules/@tailwindcss/oxide-linux-x64-gnu
233 silly reify mark deleted [
233 silly reify   '/Users/jacobmohomutsi/code-projects/pomf/node_modules/@tailwindcss/oxide-linux-x64-gnu'
233 silly reify ]
234 verbose reify failed optional dependency /Users/jacobmohomutsi/code-projects/pomf/node_modules/@tailwindcss/oxide-linux-arm64-musl
235 silly reify mark deleted [
235 silly reify   '/Users/jacobmohomutsi/code-projects/pomf/node_modules/@tailwindcss/oxide-linux-arm64-musl'
235 silly reify ]
236 verbose reify failed optional dependency /Users/jacobmohomutsi/code-projects/pomf/node_modules/@tailwindcss/oxide-linux-arm64-gnu
237 silly reify mark deleted [
237 silly reify   '/Users/jacobmohomutsi/code-projects/pomf/node_modules/@tailwindcss/oxide-linux-arm64-gnu'
237 silly reify ]
238 verbose reify failed optional dependency /Users/jacobmohomutsi/code-projects/pomf/node_modules/@tailwindcss/oxide-linux-arm-gnueabihf
239 silly reify mark deleted [
239 silly reify   '/Users/jacobmohomutsi/code-projects/pomf/node_modules/@tailwindcss/oxide-linux-arm-gnueabihf'
239 silly reify ]
240 verbose reify failed optional dependency /Users/jacobmohomutsi/code-projects/pomf/node_modules/@tailwindcss/oxide-freebsd-x64
241 silly reify mark deleted [
241 silly reify   '/Users/jacobmohomutsi/code-projects/pomf/node_modules/@tailwindcss/oxide-freebsd-x64'
241 silly reify ]
242 verbose reify failed optional dependency /Users/jacobmohomutsi/code-projects/pomf/node_modules/@tailwindcss/oxide-darwin-x64
243 silly reify mark deleted [
243 silly reify   '/Users/jacobmohomutsi/code-projects/pomf/node_modules/@tailwindcss/oxide-darwin-x64'
243 silly reify ]
244 verbose reify failed optional dependency /Users/jacobmohomutsi/code-projects/pomf/node_modules/@tailwindcss/oxide-android-arm64
245 silly reify mark deleted [
245 silly reify   '/Users/jacobmohomutsi/code-projects/pomf/node_modules/@tailwindcss/oxide-android-arm64'
245 silly reify ]
246 verbose reify failed optional dependency /Users/jacobmohomutsi/code-projects/pomf/node_modules/@rollup/rollup-win32-x64-msvc
247 silly reify mark deleted [
247 silly reify   '/Users/jacobmohomutsi/code-projects/pomf/node_modules/@rollup/rollup-win32-x64-msvc'
247 silly reify ]
248 verbose reify failed optional dependency /Users/jacobmohomutsi/code-projects/pomf/node_modules/@rollup/rollup-win32-x64-gnu
249 silly reify mark deleted [
249 silly reify   '/Users/jacobmohomutsi/code-projects/pomf/node_modules/@rollup/rollup-win32-x64-gnu'
249 silly reify ]
250 verbose reify failed optional dependency /Users/jacobmohomutsi/code-projects/pomf/node_modules/@rollup/rollup-win32-ia32-msvc
251 silly reify mark deleted [
251 silly reify   '/Users/jacobmohomutsi/code-projects/pomf/node_modules/@rollup/rollup-win32-ia32-msvc'
251 silly reify ]
252 verbose reify failed optional dependency /Users/jacobmohomutsi/code-projects/pomf/node_modules/@rollup/rollup-win32-arm64-msvc
253 silly reify mark deleted [
253 silly reify   '/Users/jacobmohomutsi/code-projects/pomf/node_modules/@rollup/rollup-win32-arm64-msvc'
253 silly reify ]
254 verbose reify failed optional dependency /Users/jacobmohomutsi/code-projects/pomf/node_modules/@rollup/rollup-openharmony-arm64
255 silly reify mark deleted [
255 silly reify   '/Users/jacobmohomutsi/code-projects/pomf/node_modules/@rollup/rollup-openharmony-arm64'
255 silly reify ]
256 verbose reify failed optional dependency /Users/jacobmohomutsi/code-projects/pomf/node_modules/@rollup/rollup-openbsd-x64
257 silly reify mark deleted [
257 silly reify   '/Users/jacobmohomutsi/code-projects/pomf/node_modules/@rollup/rollup-openbsd-x64'
257 silly reify ]
258 verbose reify failed optional dependency /Users/jacobmohomutsi/code-projects/pomf/node_modules/@rollup/rollup-linux-x64-musl
259 silly reify mark deleted [
259 silly reify   '/Users/jacobmohomutsi/code-projects/pomf/node_modules/@rollup/rollup-linux-x64-musl'
259 silly reify ]
260 verbose reify failed optional dependency /Users/jacobmohomutsi/code-projects/pomf/node_modules/@rollup/rollup-linux-x64-gnu
261 silly reify mark deleted [
261 silly reify   '/Users/jacobmohomutsi/code-projects/pomf/node_modules/@rollup/rollup-linux-x64-gnu'
261 silly reify ]
262 verbose reify failed optional dependency /Users/jacobmohomutsi/code-projects/pomf/node_modules/@rollup/rollup-linux-s390x-gnu
263 silly reify mark deleted [
263 silly reify   '/Users/jacobmohomutsi/code-projects/pomf/node_modules/@rollup/rollup-linux-s390x-gnu'
263 silly reify ]
264 verbose reify failed optional dependency /Users/jacobmohomutsi/code-projects/pomf/node_modules/@rollup/rollup-linux-riscv64-musl
265 silly reify mark deleted [
265 silly reify   '/Users/jacobmohomutsi/code-projects/pomf/node_modules/@rollup/rollup-linux-riscv64-musl'
265 silly reify ]
266 verbose reify failed optional dependency /Users/jacobmohomutsi/code-projects/pomf/node_modules/@rollup/rollup-linux-riscv64-gnu
267 silly reify mark deleted [
267 silly reify   '/Users/jacobmohomutsi/code-projects/pomf/node_modules/@rollup/rollup-linux-riscv64-gnu'
267 silly reify ]
268 verbose reify failed optional dependency /Users/jacobmohomutsi/code-projects/pomf/node_modules/@rollup/rollup-linux-ppc64-musl
269 silly reify mark deleted [
269 silly reify   '/Users/jacobmohomutsi/code-projects/pomf/node_modules/@rollup/rollup-linux-ppc64-musl'
269 silly reify ]
270 verbose reify failed optional dependency /Users/jacobmohomutsi/code-projects/pomf/node_modules/@rollup/rollup-linux-ppc64-gnu
271 silly reify mark deleted [
271 silly reify   '/Users/jacobmohomutsi/code-projects/pomf/node_modules/@rollup/rollup-linux-ppc64-gnu'
271 silly reify ]
272 verbose reify failed optional dependency /Users/jacobmohomutsi/code-projects/pomf/node_modules/@rollup/rollup-linux-loong64-musl
273 silly reify mark deleted [
273 silly reify   '/Users/jacobmohomutsi/code-projects/pomf/node_modules/@rollup/rollup-linux-loong64-musl'
273 silly reify ]
274 verbose reify failed optional dependency /Users/jacobmohomutsi/code-projects/pomf/node_modules/@rollup/rollup-linux-loong64-gnu
275 silly reify mark deleted [
275 silly reify   '/Users/jacobmohomutsi/code-projects/pomf/node_modules/@rollup/rollup-linux-loong64-gnu'
275 silly reify ]
276 verbose reify failed optional dependency /Users/jacobmohomutsi/code-projects/pomf/node_modules/@rollup/rollup-linux-arm64-musl
277 silly reify mark deleted [
277 silly reify   '/Users/jacobmohomutsi/code-projects/pomf/node_modules/@rollup/rollup-linux-arm64-musl'
277 silly reify ]
278 verbose reify failed optional dependency /Users/jacobmohomutsi/code-projects/pomf/node_modules/@rollup/rollup-linux-arm64-gnu
279 silly reify mark deleted [
279 silly reify   '/Users/jacobmohomutsi/code-projects/pomf/node_modules/@rollup/rollup-linux-arm64-gnu'
279 silly reify ]
280 verbose reify failed optional dependency /Users/jacobmohomutsi/code-projects/pomf/node_modules/@rollup/rollup-linux-arm-musleabihf
281 silly reify mark deleted [
281 silly reify   '/Users/jacobmohomutsi/code-projects/pomf/node_modules/@rollup/rollup-linux-arm-musleabihf'
281 silly reify ]
282 verbose reify failed optional dependency /Users/jacobmohomutsi/code-projects/pomf/node_modules/@rollup/rollup-linux-arm-gnueabihf
283 silly reify mark deleted [
283 silly reify   '/Users/jacobmohomutsi/code-projects/pomf/node_modules/@rollup/rollup-linux-arm-gnueabihf'
283 silly reify ]
284 verbose reify failed optional dependency /Users/jacobmohomutsi/code-projects/pomf/node_modules/@rollup/rollup-freebsd-x64
285 silly reify mark deleted [
285 silly reify   '/Users/jacobmohomutsi/code-projects/pomf/node_modules/@rollup/rollup-freebsd-x64'
285 silly reify ]
286 verbose reify failed optional dependency /Users/jacobmohomutsi/code-projects/pomf/node_modules/@rollup/rollup-freebsd-arm64
287 silly reify mark deleted [
287 silly reify   '/Users/jacobmohomutsi/code-projects/pomf/node_modules/@rollup/rollup-freebsd-arm64'
287 silly reify ]
288 verbose reify failed optional dependency /Users/jacobmohomutsi/code-projects/pomf/node_modules/@rollup/rollup-darwin-x64
289 silly reify mark deleted [
289 silly reify   '/Users/jacobmohomutsi/code-projects/pomf/node_modules/@rollup/rollup-darwin-x64'
289 silly reify ]
290 verbose reify failed optional dependency /Users/jacobmohomutsi/code-projects/pomf/node_modules/@rollup/rollup-android-arm64
291 silly reify mark deleted [
291 silly reify   '/Users/jacobmohomutsi/code-projects/pomf/node_modules/@rollup/rollup-android-arm64'
291 silly reify ]
292 verbose reify failed optional dependency /Users/jacobmohomutsi/code-projects/pomf/node_modules/@rollup/rollup-android-arm-eabi
293 silly reify mark deleted [
293 silly reify   '/Users/jacobmohomutsi/code-projects/pomf/node_modules/@rollup/rollup-android-arm-eabi'
293 silly reify ]
294 http cache zod@https://registry.npmjs.org/zod/-/zod-4.3.6.tgz 0ms (cache hit)
295 http cache yallist@https://registry.npmjs.org/yallist/-/yallist-3.1.1.tgz 0ms (cache hit)
296 http cache wouter@https://registry.npmjs.org/wouter/-/wouter-3.9.0.tgz 0ms (cache hit)
297 http cache why-is-node-running@https://registry.npmjs.org/why-is-node-running/-/why-is-node-running-2.3.0.tgz 0ms (cache hit)
298 http cache vitest@https://registry.npmjs.org/vitest/-/vitest-2.1.9.tgz 0ms (cache hit)
299 http cache vite-node@https://registry.npmjs.org/vite-node/-/vite-node-2.1.9.tgz 0ms (cache hit)
300 http cache vite-plugin-manus-runtime@https://registry.npmjs.org/vite-plugin-manus-runtime/-/vite-plugin-manus-runtime-0.0.57.tgz 0ms (cache hit)
301 http cache victory-vendor@https://registry.npmjs.org/victory-vendor/-/victory-vendor-36.9.2.tgz 0ms (cache hit)
302 http cache vite@https://registry.npmjs.org/vite/-/vite-7.3.1.tgz 0ms (cache hit)
303 http cache vaul@https://registry.npmjs.org/vaul/-/vaul-1.1.2.tgz 0ms (cache hit)
304 http cache util-deprecate@https://registry.npmjs.org/util-deprecate/-/util-deprecate-1.0.2.tgz 0ms (cache hit)
305 http cache use-sync-external-store@https://registry.npmjs.org/use-sync-external-store/-/use-sync-external-store-1.6.0.tgz 0ms (cache hit)
306 http cache use-callback-ref@https://registry.npmjs.org/use-callback-ref/-/use-callback-ref-1.3.3.tgz 0ms (cache hit)
307 http cache update-browserslist-db@https://registry.npmjs.org/update-browserslist-db/-/update-browserslist-db-1.2.3.tgz 0ms (cache hit)
308 http cache undici-types@https://registry.npmjs.org/undici-types/-/undici-types-7.16.0.tgz 0ms (cache hit)
309 http cache tw-animate-css@https://registry.npmjs.org/tw-animate-css/-/tw-animate-css-1.4.0.tgz 0ms (cache hit)
310 http cache typescript@https://registry.npmjs.org/typescript/-/typescript-5.9.3.tgz 0ms (cache hit)
311 http cache tsx@https://registry.npmjs.org/tsx/-/tsx-4.21.0.tgz 0ms (cache hit)
312 http cache use-sidecar@https://registry.npmjs.org/use-sidecar/-/use-sidecar-1.1.3.tgz 0ms (cache hit)
313 http cache tslib@https://registry.npmjs.org/tslib/-/tslib-2.8.1.tgz 0ms (cache hit)
314 http cache tinyrainbow@https://registry.npmjs.org/tinyrainbow/-/tinyrainbow-1.2.0.tgz 0ms (cache hit)
315 http cache tinypool@https://registry.npmjs.org/tinypool/-/tinypool-1.1.1.tgz 0ms (cache hit)
316 http cache tinyglobby@https://registry.npmjs.org/tinyglobby/-/tinyglobby-0.2.15.tgz 0ms (cache hit)
317 http cache tinybench@https://registry.npmjs.org/tinybench/-/tinybench-2.9.0.tgz 0ms (cache hit)
318 http cache tinyspy@https://registry.npmjs.org/tinyspy/-/tinyspy-3.0.2.tgz 0ms (cache hit)
319 http cache tiny-invariant@https://registry.npmjs.org/tiny-invariant/-/tiny-invariant-1.3.3.tgz 0ms (cache hit)
320 http cache tailwindcss-animate@https://registry.npmjs.org/tailwindcss-animate/-/tailwindcss-animate-1.0.7.tgz 0ms (cache hit)
321 http cache tailwindcss@https://registry.npmjs.org/tailwindcss/-/tailwindcss-4.1.18.tgz 0ms (cache hit)
322 http cache tailwind-merge@https://registry.npmjs.org/tailwind-merge/-/tailwind-merge-3.4.0.tgz 0ms (cache hit)
323 http cache std-env@https://registry.npmjs.org/std-env/-/std-env-3.10.0.tgz 0ms (cache hit)
324 http cache source-map-js@https://registry.npmjs.org/source-map-js/-/source-map-js-1.2.1.tgz 0ms (cache hit)
325 http cache sonner@https://registry.npmjs.org/sonner/-/sonner-2.0.7.tgz 0ms (cache hit)
326 http cache siginfo@https://registry.npmjs.org/siginfo/-/siginfo-2.0.0.tgz 0ms (cache hit)
327 http cache tapable@https://registry.npmjs.org/tapable/-/tapable-2.3.0.tgz 0ms (cache hit)
328 http cache semver@https://registry.npmjs.org/semver/-/semver-6.3.1.tgz 0ms (cache hit)
329 http cache scheduler@https://registry.npmjs.org/scheduler/-/scheduler-0.27.0.tgz 0ms (cache hit)
330 http cache stackback@https://registry.npmjs.org/stackback/-/stackback-0.0.2.tgz 0ms (cache hit)
331 http cache rollup@https://registry.npmjs.org/rollup/-/rollup-4.57.1.tgz 0ms (cache hit)
332 http cache resolve-pkg-maps@https://registry.npmjs.org/resolve-pkg-maps/-/resolve-pkg-maps-1.0.0.tgz 0ms (cache hit)
333 http cache regexparam@https://registry.npmjs.org/regexparam/-/regexparam-3.0.0.tgz 0ms (cache hit)
334 http cache recharts-scale@https://registry.npmjs.org/recharts-scale/-/recharts-scale-0.4.5.tgz 0ms (cache hit)
335 http cache react-transition-group@https://registry.npmjs.org/react-transition-group/-/react-transition-group-4.4.5.tgz 0ms (cache hit)
336 http cache react-resizable-panels@https://registry.npmjs.org/react-resizable-panels/-/react-resizable-panels-3.0.6.tgz 0ms (cache hit)
337 http cache recharts@https://registry.npmjs.org/recharts/-/recharts-2.15.4.tgz 0ms (cache hit)
338 http cache react-remove-scroll-bar@https://registry.npmjs.org/react-remove-scroll-bar/-/react-remove-scroll-bar-2.3.8.tgz 0ms (cache hit)
339 http cache react-smooth@https://registry.npmjs.org/react-smooth/-/react-smooth-4.0.4.tgz 0ms (cache hit)
340 http cache react-refresh@https://registry.npmjs.org/react-refresh/-/react-refresh-0.18.0.tgz 0ms (cache hit)
341 http cache react-remove-scroll@https://registry.npmjs.org/react-remove-scroll/-/react-remove-scroll-2.7.2.tgz 0ms (cache hit)
342 http cache react-is@https://registry.npmjs.org/react-is/-/react-is-18.3.1.tgz 0ms (cache hit)
343 http cache react-style-singleton@https://registry.npmjs.org/react-style-singleton/-/react-style-singleton-2.2.3.tgz 0ms (cache hit)
344 http cache react-dom@https://registry.npmjs.org/react-dom/-/react-dom-19.2.4.tgz 0ms (cache hit)
345 http cache react-hook-form@https://registry.npmjs.org/react-hook-form/-/react-hook-form-7.71.1.tgz 0ms (cache hit)
346 http cache react-day-picker@https://registry.npmjs.org/react-day-picker/-/react-day-picker-9.13.0.tgz 0ms (cache hit)
347 http cache prop-types@https://registry.npmjs.org/prop-types/-/prop-types-15.8.1.tgz 0ms (cache hit)
348 http cache postcss-value-parser@https://registry.npmjs.org/postcss-value-parser/-/postcss-value-parser-4.2.0.tgz 0ms (cache hit)
349 http cache prettier@https://registry.npmjs.org/prettier/-/prettier-3.8.1.tgz 0ms (cache hit)
350 http cache postcss-selector-parser@https://registry.npmjs.org/postcss-selector-parser/-/postcss-selector-parser-6.0.10.tgz 0ms (cache hit)
351 http cache postcss@https://registry.npmjs.org/postcss/-/postcss-8.5.6.tgz 0ms (cache hit)
352 http cache pnpm@https://registry.npmjs.org/pnpm/-/pnpm-10.28.2.tgz 0ms (cache hit)
353 http cache picomatch@https://registry.npmjs.org/picomatch/-/picomatch-4.0.3.tgz 0ms (cache hit)
354 http cache pathval@https://registry.npmjs.org/pathval/-/pathval-2.0.1.tgz 0ms (cache hit)
355 http cache react@https://registry.npmjs.org/react/-/react-19.2.4.tgz 0ms (cache hit)
356 http cache picocolors@https://registry.npmjs.org/picocolors/-/picocolors-1.1.1.tgz 0ms (cache hit)
357 http cache node-releases@https://registry.npmjs.org/node-releases/-/node-releases-2.0.27.tgz 0ms (cache hit)
358 http cache object-assign@https://registry.npmjs.org/object-assign/-/object-assign-4.1.1.tgz 0ms (cache hit)
359 http cache ms@https://registry.npmjs.org/ms/-/ms-2.1.3.tgz 0ms (cache hit)
360 http cache motion-utils@https://registry.npmjs.org/motion-utils/-/motion-utils-12.29.2.tgz 0ms (cache hit)
361 http cache next-themes@https://registry.npmjs.org/next-themes/-/next-themes-0.4.6.tgz 0ms (cache hit)
362 http cache motion-dom@https://registry.npmjs.org/motion-dom/-/motion-dom-12.30.1.tgz 0ms (cache hit)
363 http cache modern-screenshot@https://registry.npmjs.org/modern-screenshot/-/modern-screenshot-4.6.8.tgz 0ms (cache hit)
364 http cache mitt@https://registry.npmjs.org/mitt/-/mitt-3.0.1.tgz 0ms (cache hit)
365 http cache nanoid@https://registry.npmjs.org/nanoid/-/nanoid-5.1.6.tgz 0ms (cache hit)
366 http cache lucide-react@https://registry.npmjs.org/lucide-react/-/lucide-react-0.453.0.tgz 0ms (cache hit)
367 http cache lru-cache@https://registry.npmjs.org/lru-cache/-/lru-cache-5.1.1.tgz 0ms (cache hit)
368 http cache magic-string@https://registry.npmjs.org/magic-string/-/magic-string-0.30.21.tgz 0ms (cache hit)
369 http cache lodash@https://registry.npmjs.org/lodash/-/lodash-4.17.23.tgz 0ms (cache hit)
370 http cache loupe@https://registry.npmjs.org/loupe/-/loupe-3.2.1.tgz 0ms (cache hit)
371 http cache lightningcss-darwin-arm64@https://registry.npmjs.org/lightningcss-darwin-arm64/-/lightningcss-darwin-arm64-1.30.2.tgz 0ms (cache hit)
372 http cache lightningcss@https://registry.npmjs.org/lightningcss/-/lightningcss-1.30.2.tgz 0ms (cache hit)
373 http cache json5@https://registry.npmjs.org/json5/-/json5-2.2.3.tgz 0ms (cache hit)
374 http cache js-tokens@https://registry.npmjs.org/js-tokens/-/js-tokens-4.0.0.tgz 0ms (cache hit)
375 http cache jsesc@https://registry.npmjs.org/jsesc/-/jsesc-3.1.0.tgz 0ms (cache hit)
376 http cache loose-envify@https://registry.npmjs.org/loose-envify/-/loose-envify-1.4.0.tgz 0ms (cache hit)
377 http cache internmap@https://registry.npmjs.org/internmap/-/internmap-2.0.3.tgz 0ms (cache hit)
378 http cache graceful-fs@https://registry.npmjs.org/graceful-fs/-/graceful-fs-4.2.11.tgz 0ms (cache hit)
379 http cache get-tsconfig@https://registry.npmjs.org/get-tsconfig/-/get-tsconfig-4.13.1.tgz 0ms (cache hit)
380 http cache jiti@https://registry.npmjs.org/jiti/-/jiti-2.6.1.tgz 0ms (cache hit)
381 http cache get-nonce@https://registry.npmjs.org/get-nonce/-/get-nonce-1.0.1.tgz 0ms (cache hit)
382 http cache input-otp@https://registry.npmjs.org/input-otp/-/input-otp-1.4.2.tgz 0ms (cache hit)
383 http cache gensync@https://registry.npmjs.org/gensync/-/gensync-1.0.0-beta.2.tgz 0ms (cache hit)
384 http cache framer-motion@https://registry.npmjs.org/framer-motion/-/framer-motion-12.31.0.tgz 0ms (cache hit)
385 http cache fsevents@https://registry.npmjs.org/fsevents/-/fsevents-2.3.3.tgz 0ms (cache hit)
386 http cache fraction.js@https://registry.npmjs.org/fraction.js/-/fraction.js-5.3.4.tgz 0ms (cache hit)
387 http cache fdir@https://registry.npmjs.org/fdir/-/fdir-6.5.0.tgz 0ms (cache hit)
388 http cache fast-equals@https://registry.npmjs.org/fast-equals/-/fast-equals-5.4.0.tgz 0ms (cache hit)
389 http cache expect-type@https://registry.npmjs.org/expect-type/-/expect-type-1.3.0.tgz 0ms (cache hit)
390 http cache estree-walker@https://registry.npmjs.org/estree-walker/-/estree-walker-2.0.2.tgz 0ms (cache hit)
391 http cache escalade@https://registry.npmjs.org/escalade/-/escalade-3.2.0.tgz 0ms (cache hit)
392 http cache eventemitter3@https://registry.npmjs.org/eventemitter3/-/eventemitter3-4.0.7.tgz 0ms (cache hit)
393 http cache es-module-lexer@https://registry.npmjs.org/es-module-lexer/-/es-module-lexer-1.7.0.tgz 1ms (cache hit)
394 http cache enhanced-resolve@https://registry.npmjs.org/enhanced-resolve/-/enhanced-resolve-5.19.0.tgz 0ms (cache hit)
395 http cache embla-carousel-react@https://registry.npmjs.org/embla-carousel-react/-/embla-carousel-react-8.6.0.tgz 0ms (cache hit)
396 http cache embla-carousel@https://registry.npmjs.org/embla-carousel/-/embla-carousel-8.6.0.tgz 0ms (cache hit)
397 http cache embla-carousel-reactive-utils@https://registry.npmjs.org/embla-carousel-reactive-utils/-/embla-carousel-reactive-utils-8.6.0.tgz 0ms (cache hit)
398 http cache dom-helpers@https://registry.npmjs.org/dom-helpers/-/dom-helpers-5.2.1.tgz 0ms (cache hit)
399 http cache detect-libc@https://registry.npmjs.org/detect-libc/-/detect-libc-2.1.2.tgz 0ms (cache hit)
400 http cache detect-node-es@https://registry.npmjs.org/detect-node-es/-/detect-node-es-1.1.0.tgz 0ms (cache hit)
401 http cache deep-eql@https://registry.npmjs.org/deep-eql/-/deep-eql-5.0.2.tgz 0ms (cache hit)
402 http cache decimal.js-light@https://registry.npmjs.org/decimal.js-light/-/decimal.js-light-2.5.1.tgz 0ms (cache hit)
403 http cache electron-to-chromium@https://registry.npmjs.org/electron-to-chromium/-/electron-to-chromium-1.5.286.tgz 0ms (cache hit)
404 http cache debug@https://registry.npmjs.org/debug/-/debug-4.4.3.tgz 0ms (cache hit)
405 http cache date-fns-jalali@https://registry.npmjs.org/date-fns-jalali/-/date-fns-jalali-4.1.0-0.tgz 0ms (cache hit)
406 http cache date-fns@https://registry.npmjs.org/date-fns/-/date-fns-4.1.0.tgz 0ms (cache hit)
407 http cache d3-timer@https://registry.npmjs.org/d3-timer/-/d3-timer-3.0.1.tgz 0ms (cache hit)
408 http cache d3-time-format@https://registry.npmjs.org/d3-time-format/-/d3-time-format-4.1.0.tgz 0ms (cache hit)
409 http cache d3-shape@https://registry.npmjs.org/d3-shape/-/d3-shape-3.2.0.tgz 0ms (cache hit)
410 http cache d3-time@https://registry.npmjs.org/d3-time/-/d3-time-3.1.0.tgz 0ms (cache hit)
411 http cache d3-path@https://registry.npmjs.org/d3-path/-/d3-path-3.1.0.tgz 0ms (cache hit)
412 http cache d3-scale@https://registry.npmjs.org/d3-scale/-/d3-scale-4.0.2.tgz 0ms (cache hit)
413 http cache d3-interpolate@https://registry.npmjs.org/d3-interpolate/-/d3-interpolate-3.0.1.tgz 0ms (cache hit)
414 http cache d3-format@https://registry.npmjs.org/d3-format/-/d3-format-3.1.2.tgz 0ms (cache hit)
415 http cache d3-array@https://registry.npmjs.org/d3-array/-/d3-array-3.2.4.tgz 0ms (cache hit)
416 http cache csstype@https://registry.npmjs.org/csstype/-/csstype-3.2.3.tgz 0ms (cache hit)
417 http cache cssesc@https://registry.npmjs.org/cssesc/-/cssesc-3.0.0.tgz 0ms (cache hit)
418 http cache d3-ease@https://registry.npmjs.org/d3-ease/-/d3-ease-3.0.1.tgz 0ms (cache hit)
419 http cache convert-source-map@https://registry.npmjs.org/convert-source-map/-/convert-source-map-2.0.0.tgz 0ms (cache hit)
420 http cache d3-color@https://registry.npmjs.org/d3-color/-/d3-color-3.1.0.tgz 0ms (cache hit)
421 http cache cmdk@https://registry.npmjs.org/cmdk/-/cmdk-1.1.1.tgz 0ms (cache hit)
422 http cache clsx@https://registry.npmjs.org/clsx/-/clsx-2.1.1.tgz 0ms (cache hit)
423 http cache class-variance-authority@https://registry.npmjs.org/class-variance-authority/-/class-variance-authority-0.7.1.tgz 0ms (cache hit)
424 http cache check-error@https://registry.npmjs.org/check-error/-/check-error-2.1.3.tgz 0ms (cache hit)
425 http cache chai@https://registry.npmjs.org/chai/-/chai-5.3.3.tgz 0ms (cache hit)
426 http cache cac@https://registry.npmjs.org/cac/-/cac-6.7.14.tgz 0ms (cache hit)
427 http cache browserslist@https://registry.npmjs.org/browserslist/-/browserslist-4.28.1.tgz 0ms (cache hit)
428 http cache caniuse-lite@https://registry.npmjs.org/caniuse-lite/-/caniuse-lite-1.0.30001767.tgz 0ms (cache hit)
429 http cache baseline-browser-mapping@https://registry.npmjs.org/baseline-browser-mapping/-/baseline-browser-mapping-2.9.19.tgz 0ms (cache hit)
430 http cache autoprefixer@https://registry.npmjs.org/autoprefixer/-/autoprefixer-10.4.24.tgz 0ms (cache hit)
431 http cache assertion-error@https://registry.npmjs.org/assertion-error/-/assertion-error-2.0.1.tgz 0ms (cache hit)
432 http cache aria-hidden@https://registry.npmjs.org/aria-hidden/-/aria-hidden-1.2.6.tgz 0ms (cache hit)
433 http cache add@https://registry.npmjs.org/add/-/add-2.0.6.tgz 0ms (cache hit)
434 http cache @vitest/snapshot@https://registry.npmjs.org/@vitest/snapshot/-/snapshot-2.1.9.tgz 0ms (cache hit)
435 http cache @vitest/runner@https://registry.npmjs.org/@vitest/runner/-/runner-2.1.9.tgz 0ms (cache hit)
436 http cache @vitest/spy@https://registry.npmjs.org/@vitest/spy/-/spy-2.1.9.tgz 0ms (cache hit)
437 http cache @vitest/mocker@https://registry.npmjs.org/@vitest/mocker/-/mocker-2.1.9.tgz 0ms (cache hit)
438 http cache @vitest/pretty-format@https://registry.npmjs.org/@vitest/pretty-format/-/pretty-format-2.1.9.tgz 0ms (cache hit)
439 http cache @vitest/expect@https://registry.npmjs.org/@vitest/expect/-/expect-2.1.9.tgz 0ms (cache hit)
440 http cache @types/react@https://registry.npmjs.org/@types/react/-/react-19.2.10.tgz 0ms (cache hit)
441 http cache @vitest/utils@https://registry.npmjs.org/@vitest/utils/-/utils-2.1.9.tgz 0ms (cache hit)
442 http cache @vitejs/plugin-react@https://registry.npmjs.org/@vitejs/plugin-react/-/plugin-react-5.1.3.tgz 0ms (cache hit)
443 http cache @types/node@https://registry.npmjs.org/@types/node/-/node-24.10.10.tgz 0ms (cache hit)
444 http cache @types/estree@https://registry.npmjs.org/@types/estree/-/estree-1.0.8.tgz 0ms (cache hit)
445 http cache @types/d3-timer@https://registry.npmjs.org/@types/d3-timer/-/d3-timer-3.0.2.tgz 0ms (cache hit)
446 http cache @types/react-dom@https://registry.npmjs.org/@types/react-dom/-/react-dom-19.2.3.tgz 0ms (cache hit)
447 http cache @types/d3-time@https://registry.npmjs.org/@types/d3-time/-/d3-time-3.0.4.tgz 0ms (cache hit)
448 http cache @types/d3-shape@https://registry.npmjs.org/@types/d3-shape/-/d3-shape-3.1.8.tgz 0ms (cache hit)
449 http cache @types/google.maps@https://registry.npmjs.org/@types/google.maps/-/google.maps-3.58.1.tgz 0ms (cache hit)
450 http cache @types/d3-scale@https://registry.npmjs.org/@types/d3-scale/-/d3-scale-4.0.9.tgz 0ms (cache hit)
451 http cache @types/d3-interpolate@https://registry.npmjs.org/@types/d3-interpolate/-/d3-interpolate-3.0.4.tgz 0ms (cache hit)
452 http cache @types/d3-ease@https://registry.npmjs.org/@types/d3-ease/-/d3-ease-3.0.2.tgz 0ms (cache hit)
453 http cache @types/d3-path@https://registry.npmjs.org/@types/d3-path/-/d3-path-3.1.1.tgz 0ms (cache hit)
454 http cache @types/babel__traverse@https://registry.npmjs.org/@types/babel__traverse/-/babel__traverse-7.28.0.tgz 0ms (cache hit)
455 http cache @types/d3-array@https://registry.npmjs.org/@types/d3-array/-/d3-array-3.2.2.tgz 0ms (cache hit)
456 http cache @types/babel__template@https://registry.npmjs.org/@types/babel__template/-/babel__template-7.4.4.tgz 0ms (cache hit)
457 http cache @types/d3-color@https://registry.npmjs.org/@types/d3-color/-/d3-color-3.1.3.tgz 0ms (cache hit)
458 http cache @types/babel__generator@https://registry.npmjs.org/@types/babel__generator/-/babel__generator-7.27.0.tgz 0ms (cache hit)
459 http cache @tanstack/react-query@https://registry.npmjs.org/@tanstack/react-query/-/react-query-5.90.20.tgz 0ms (cache hit)
460 http cache @types/babel__core@https://registry.npmjs.org/@types/babel__core/-/babel__core-7.20.5.tgz 0ms (cache hit)
461 http cache @tailwindcss/vite@https://registry.npmjs.org/@tailwindcss/vite/-/vite-4.1.18.tgz 0ms (cache hit)
462 http cache @tanstack/query-core@https://registry.npmjs.org/@tanstack/query-core/-/query-core-5.90.20.tgz 0ms (cache hit)
463 http cache @tailwindcss/oxide-darwin-arm64@https://registry.npmjs.org/@tailwindcss/oxide-darwin-arm64/-/oxide-darwin-arm64-4.1.18.tgz 0ms (cache hit)
464 http cache @tailwindcss/oxide@https://registry.npmjs.org/@tailwindcss/oxide/-/oxide-4.1.18.tgz 0ms (cache hit)
465 http cache @tailwindcss/typography@https://registry.npmjs.org/@tailwindcss/typography/-/typography-0.5.19.tgz 0ms (cache hit)
466 http cache @rollup/rollup-darwin-arm64@https://registry.npmjs.org/@rollup/rollup-darwin-arm64/-/rollup-darwin-arm64-4.57.1.tgz 0ms (cache hit)
467 http cache @rolldown/pluginutils@https://registry.npmjs.org/@rolldown/pluginutils/-/pluginutils-1.0.0-rc.2.tgz 0ms (cache hit)
468 http cache @tailwindcss/node@https://registry.npmjs.org/@tailwindcss/node/-/node-4.1.18.tgz 0ms (cache hit)
469 http cache @standard-schema/utils@https://registry.npmjs.org/@standard-schema/utils/-/utils-0.3.0.tgz 0ms (cache hit)
470 http cache @radix-ui/rect@https://registry.npmjs.org/@radix-ui/rect/-/rect-1.1.1.tgz 0ms (cache hit)
471 http cache @radix-ui/react-visually-hidden@https://registry.npmjs.org/@radix-ui/react-visually-hidden/-/react-visually-hidden-1.2.3.tgz 0ms (cache hit)
472 http cache @radix-ui/react-use-size@https://registry.npmjs.org/@radix-ui/react-use-size/-/react-use-size-1.1.1.tgz 0ms (cache hit)
473 http cache @radix-ui/react-use-rect@https://registry.npmjs.org/@radix-ui/react-use-rect/-/react-use-rect-1.1.1.tgz 0ms (cache hit)
474 http cache @radix-ui/react-use-layout-effect@https://registry.npmjs.org/@radix-ui/react-use-layout-effect/-/react-use-layout-effect-1.1.1.tgz 0ms (cache hit)
475 http cache @radix-ui/react-use-is-hydrated@https://registry.npmjs.org/@radix-ui/react-use-is-hydrated/-/react-use-is-hydrated-0.1.0.tgz 0ms (cache hit)
476 http cache @radix-ui/react-use-previous@https://registry.npmjs.org/@radix-ui/react-use-previous/-/react-use-previous-1.1.1.tgz 0ms (cache hit)
477 http cache @radix-ui/react-use-effect-event@https://registry.npmjs.org/@radix-ui/react-use-effect-event/-/react-use-effect-event-0.0.2.tgz 0ms (cache hit)
478 http cache @radix-ui/react-use-controllable-state@https://registry.npmjs.org/@radix-ui/react-use-controllable-state/-/react-use-controllable-state-1.2.2.tgz 0ms (cache hit)
479 http cache @radix-ui/react-use-escape-keydown@https://registry.npmjs.org/@radix-ui/react-use-escape-keydown/-/react-use-escape-keydown-1.1.1.tgz 0ms (cache hit)
480 http cache @radix-ui/react-use-callback-ref@https://registry.npmjs.org/@radix-ui/react-use-callback-ref/-/react-use-callback-ref-1.1.1.tgz 0ms (cache hit)
481 http cache @radix-ui/react-tooltip@https://registry.npmjs.org/@radix-ui/react-tooltip/-/react-tooltip-1.2.8.tgz 0ms (cache hit)
482 http cache @radix-ui/react-tabs@https://registry.npmjs.org/@radix-ui/react-tabs/-/react-tabs-1.1.13.tgz 0ms (cache hit)
483 http cache @radix-ui/react-switch@https://registry.npmjs.org/@radix-ui/react-switch/-/react-switch-1.2.6.tgz 0ms (cache hit)
484 http cache @radix-ui/react-slot@https://registry.npmjs.org/@radix-ui/react-slot/-/react-slot-1.2.4.tgz 0ms (cache hit)
485 http cache @radix-ui/react-toggle-group@https://registry.npmjs.org/@radix-ui/react-toggle-group/-/react-toggle-group-1.1.11.tgz 0ms (cache hit)
486 http cache @radix-ui/react-slider@https://registry.npmjs.org/@radix-ui/react-slider/-/react-slider-1.3.6.tgz 0ms (cache hit)
487 http cache @radix-ui/react-select@https://registry.npmjs.org/@radix-ui/react-select/-/react-select-2.2.6.tgz 0ms (cache hit)
488 http cache @radix-ui/react-separator@https://registry.npmjs.org/@radix-ui/react-separator/-/react-separator-1.1.8.tgz 0ms (cache hit)
489 http cache @radix-ui/react-scroll-area@https://registry.npmjs.org/@radix-ui/react-scroll-area/-/react-scroll-area-1.2.10.tgz 0ms (cache hit)
490 http cache @radix-ui/react-roving-focus@https://registry.npmjs.org/@radix-ui/react-roving-focus/-/react-roving-focus-1.1.11.tgz 0ms (cache hit)
491 http cache @radix-ui/react-toggle@https://registry.npmjs.org/@radix-ui/react-toggle/-/react-toggle-1.1.10.tgz 0ms (cache hit)
492 http cache @radix-ui/react-radio-group@https://registry.npmjs.org/@radix-ui/react-radio-group/-/react-radio-group-1.3.8.tgz 0ms (cache hit)
493 http cache @radix-ui/react-primitive@https://registry.npmjs.org/@radix-ui/react-primitive/-/react-primitive-2.1.3.tgz 0ms (cache hit)
494 http cache @radix-ui/react-progress@https://registry.npmjs.org/@radix-ui/react-progress/-/react-progress-1.1.8.tgz 0ms (cache hit)
495 http cache @radix-ui/react-presence@https://registry.npmjs.org/@radix-ui/react-presence/-/react-presence-1.1.5.tgz 0ms (cache hit)
496 http cache @radix-ui/react-popper@https://registry.npmjs.org/@radix-ui/react-popper/-/react-popper-1.2.8.tgz 0ms (cache hit)
497 http cache @radix-ui/react-popover@https://registry.npmjs.org/@radix-ui/react-popover/-/react-popover-1.1.15.tgz 0ms (cache hit)
498 http cache @radix-ui/react-menubar@https://registry.npmjs.org/@radix-ui/react-menubar/-/react-menubar-1.1.16.tgz 0ms (cache hit)
499 http cache @radix-ui/react-navigation-menu@https://registry.npmjs.org/@radix-ui/react-navigation-menu/-/react-navigation-menu-1.2.14.tgz 0ms (cache hit)
500 http cache @radix-ui/react-portal@https://registry.npmjs.org/@radix-ui/react-portal/-/react-portal-1.1.9.tgz 0ms (cache hit)
501 http cache @radix-ui/react-menu@https://registry.npmjs.org/@radix-ui/react-menu/-/react-menu-2.1.16.tgz 0ms (cache hit)
502 http cache @radix-ui/react-id@https://registry.npmjs.org/@radix-ui/react-id/-/react-id-1.1.1.tgz 0ms (cache hit)
503 http cache @radix-ui/react-label@https://registry.npmjs.org/@radix-ui/react-label/-/react-label-2.1.8.tgz 0ms (cache hit)
504 http cache @radix-ui/react-hover-card@https://registry.npmjs.org/@radix-ui/react-hover-card/-/react-hover-card-1.1.15.tgz 0ms (cache hit)
505 http cache @radix-ui/react-focus-scope@https://registry.npmjs.org/@radix-ui/react-focus-scope/-/react-focus-scope-1.1.7.tgz 0ms (cache hit)
506 http cache @radix-ui/react-dropdown-menu@https://registry.npmjs.org/@radix-ui/react-dropdown-menu/-/react-dropdown-menu-2.1.16.tgz 0ms (cache hit)
507 http cache @radix-ui/react-dismissable-layer@https://registry.npmjs.org/@radix-ui/react-dismissable-layer/-/react-dismissable-layer-1.1.11.tgz 0ms (cache hit)
508 http cache @radix-ui/react-direction@https://registry.npmjs.org/@radix-ui/react-direction/-/react-direction-1.1.1.tgz 0ms (cache hit)
509 http cache @radix-ui/react-dialog@https://registry.npmjs.org/@radix-ui/react-dialog/-/react-dialog-1.1.15.tgz 0ms (cache hit)
510 http cache @radix-ui/react-focus-guards@https://registry.npmjs.org/@radix-ui/react-focus-guards/-/react-focus-guards-1.1.3.tgz 0ms (cache hit)
511 http cache @radix-ui/react-context-menu@https://registry.npmjs.org/@radix-ui/react-context-menu/-/react-context-menu-2.2.16.tgz 0ms (cache hit)
512 http cache @radix-ui/react-context@https://registry.npmjs.org/@radix-ui/react-context/-/react-context-1.1.2.tgz 0ms (cache hit)
513 http cache @radix-ui/react-collapsible@https://registry.npmjs.org/@radix-ui/react-collapsible/-/react-collapsible-1.1.12.tgz 0ms (cache hit)
514 http cache @radix-ui/react-collection@https://registry.npmjs.org/@radix-ui/react-collection/-/react-collection-1.1.7.tgz 0ms (cache hit)
515 http cache @radix-ui/react-compose-refs@https://registry.npmjs.org/@radix-ui/react-compose-refs/-/react-compose-refs-1.1.2.tgz 0ms (cache hit)
516 http cache @radix-ui/react-avatar@https://registry.npmjs.org/@radix-ui/react-avatar/-/react-avatar-1.1.11.tgz 0ms (cache hit)
517 http cache @radix-ui/react-aspect-ratio@https://registry.npmjs.org/@radix-ui/react-aspect-ratio/-/react-aspect-ratio-1.1.8.tgz 0ms (cache hit)
518 http cache @radix-ui/react-arrow@https://registry.npmjs.org/@radix-ui/react-arrow/-/react-arrow-1.1.7.tgz 0ms (cache hit)
519 http cache @radix-ui/react-checkbox@https://registry.npmjs.org/@radix-ui/react-checkbox/-/react-checkbox-1.3.3.tgz 0ms (cache hit)
520 http cache @radix-ui/react-accordion@https://registry.npmjs.org/@radix-ui/react-accordion/-/react-accordion-1.2.12.tgz 0ms (cache hit)
521 http cache @radix-ui/react-alert-dialog@https://registry.npmjs.org/@radix-ui/react-alert-dialog/-/react-alert-dialog-1.1.15.tgz 0ms (cache hit)
522 http cache @radix-ui/primitive@https://registry.npmjs.org/@radix-ui/primitive/-/primitive-1.1.3.tgz 0ms (cache hit)
523 http cache @medv/finder@https://registry.npmjs.org/@medv/finder/-/finder-4.0.2.tgz 0ms (cache hit)
524 http cache @radix-ui/number@https://registry.npmjs.org/@radix-ui/number/-/number-1.1.1.tgz 0ms (cache hit)
525 http cache @jridgewell/trace-mapping@https://registry.npmjs.org/@jridgewell/trace-mapping/-/trace-mapping-0.3.31.tgz 0ms (cache hit)
526 http cache @jridgewell/resolve-uri@https://registry.npmjs.org/@jridgewell/resolve-uri/-/resolve-uri-3.1.2.tgz 0ms (cache hit)
527 http cache @jridgewell/remapping@https://registry.npmjs.org/@jridgewell/remapping/-/remapping-2.3.5.tgz 0ms (cache hit)
528 http cache @jridgewell/gen-mapping@https://registry.npmjs.org/@jridgewell/gen-mapping/-/gen-mapping-0.3.13.tgz 0ms (cache hit)
529 http cache @jridgewell/sourcemap-codec@https://registry.npmjs.org/@jridgewell/sourcemap-codec/-/sourcemap-codec-1.5.5.tgz 0ms (cache hit)
530 http cache @hookform/resolvers@https://registry.npmjs.org/@hookform/resolvers/-/resolvers-5.2.2.tgz 0ms (cache hit)
531 http cache @floating-ui/utils@https://registry.npmjs.org/@floating-ui/utils/-/utils-0.2.10.tgz 0ms (cache hit)
532 http cache @floating-ui/react-dom@https://registry.npmjs.org/@floating-ui/react-dom/-/react-dom-2.1.7.tgz 0ms (cache hit)
533 http cache @floating-ui/core@https://registry.npmjs.org/@floating-ui/core/-/core-1.7.4.tgz 0ms (cache hit)
534 http cache @date-fns/tz@https://registry.npmjs.org/@date-fns/tz/-/tz-1.4.1.tgz 0ms (cache hit)
535 http cache @builder.io/vite-plugin-jsx-loc@https://registry.npmjs.org/@builder.io/vite-plugin-jsx-loc/-/vite-plugin-jsx-loc-0.1.1.tgz 0ms (cache hit)
536 http cache @builder.io/jsx-loc-internals@https://registry.npmjs.org/@builder.io/jsx-loc-internals/-/jsx-loc-internals-0.0.1.tgz 0ms (cache hit)
537 http cache @babel/types@https://registry.npmjs.org/@babel/types/-/types-7.29.0.tgz 0ms (cache hit)
538 http cache @floating-ui/dom@https://registry.npmjs.org/@floating-ui/dom/-/dom-1.7.5.tgz 0ms (cache hit)
539 http cache @babel/template@https://registry.npmjs.org/@babel/template/-/template-7.28.6.tgz 0ms (cache hit)
540 http cache @babel/runtime@https://registry.npmjs.org/@babel/runtime/-/runtime-7.28.6.tgz 0ms (cache hit)
541 http cache @babel/traverse@https://registry.npmjs.org/@babel/traverse/-/traverse-7.29.0.tgz 0ms (cache hit)
542 http cache @babel/plugin-transform-react-jsx-source@https://registry.npmjs.org/@babel/plugin-transform-react-jsx-source/-/plugin-transform-react-jsx-source-7.27.1.tgz 0ms (cache hit)
543 http cache @babel/plugin-transform-react-jsx-self@https://registry.npmjs.org/@babel/plugin-transform-react-jsx-self/-/plugin-transform-react-jsx-self-7.27.1.tgz 0ms (cache hit)
544 http cache @babel/parser@https://registry.npmjs.org/@babel/parser/-/parser-7.29.0.tgz 0ms (cache hit)
545 http cache @babel/helper-validator-option@https://registry.npmjs.org/@babel/helper-validator-option/-/helper-validator-option-7.27.1.tgz 0ms (cache hit)
546 http cache @babel/helper-validator-identifier@https://registry.npmjs.org/@babel/helper-validator-identifier/-/helper-validator-identifier-7.28.5.tgz 0ms (cache hit)
547 http cache @babel/helper-string-parser@https://registry.npmjs.org/@babel/helper-string-parser/-/helper-string-parser-7.27.1.tgz 0ms (cache hit)
548 http cache @babel/helpers@https://registry.npmjs.org/@babel/helpers/-/helpers-7.28.6.tgz 0ms (cache hit)
549 http cache @babel/helper-module-transforms@https://registry.npmjs.org/@babel/helper-module-transforms/-/helper-module-transforms-7.28.6.tgz 0ms (cache hit)
550 http cache @babel/helper-plugin-utils@https://registry.npmjs.org/@babel/helper-plugin-utils/-/helper-plugin-utils-7.28.6.tgz 0ms (cache hit)
551 http cache @babel/helper-module-imports@https://registry.npmjs.org/@babel/helper-module-imports/-/helper-module-imports-7.28.6.tgz 0ms (cache hit)
552 http cache @babel/helper-compilation-targets@https://registry.npmjs.org/@babel/helper-compilation-targets/-/helper-compilation-targets-7.28.6.tgz 0ms (cache hit)
553 http cache @babel/helper-globals@https://registry.npmjs.org/@babel/helper-globals/-/helper-globals-7.28.0.tgz 0ms (cache hit)
554 http cache @babel/core@https://registry.npmjs.org/@babel/core/-/core-7.29.0.tgz 0ms (cache hit)
555 http cache @babel/generator@https://registry.npmjs.org/@babel/generator/-/generator-7.29.0.tgz 0ms (cache hit)
556 http cache @babel/code-frame@https://registry.npmjs.org/@babel/code-frame/-/code-frame-7.29.0.tgz 0ms (cache hit)
557 http cache vite@https://registry.npmjs.org/vite/-/vite-5.4.21.tgz 0ms (cache hit)
558 http cache @babel/compat-data@https://registry.npmjs.org/@babel/compat-data/-/compat-data-7.29.0.tgz 0ms (cache hit)
559 http cache tinyexec@https://registry.npmjs.org/tinyexec/-/tinyexec-0.3.2.tgz 0ms (cache hit)
560 http cache pathe@https://registry.npmjs.org/pathe/-/pathe-1.1.2.tgz 0ms (cache hit)
561 http cache esbuild@https://registry.npmjs.org/esbuild/-/esbuild-0.21.5.tgz 0ms (cache hit)
562 http cache vite@https://registry.npmjs.org/vite/-/vite-5.4.21.tgz 0ms (cache hit)
563 http cache @esbuild/darwin-arm64@https://registry.npmjs.org/@esbuild/darwin-arm64/-/darwin-arm64-0.21.5.tgz 0ms (cache hit)
564 http cache pathe@https://registry.npmjs.org/pathe/-/pathe-1.1.2.tgz 0ms (cache hit)
565 http cache esbuild@https://registry.npmjs.org/esbuild/-/esbuild-0.21.5.tgz 0ms (cache hit)
566 http cache @esbuild/darwin-arm64@https://registry.npmjs.org/@esbuild/darwin-arm64/-/darwin-arm64-0.21.5.tgz 0ms (cache hit)
567 http cache esbuild@https://registry.npmjs.org/esbuild/-/esbuild-0.27.2.tgz 0ms (cache hit)
568 http cache @esbuild/darwin-arm64@https://registry.npmjs.org/@esbuild/darwin-arm64/-/darwin-arm64-0.27.2.tgz 0ms (cache hit)
569 http cache esbuild@https://registry.npmjs.org/esbuild/-/esbuild-0.27.2.tgz 0ms (cache hit)
570 http cache @esbuild/darwin-arm64@https://registry.npmjs.org/@esbuild/darwin-arm64/-/darwin-arm64-0.27.2.tgz 0ms (cache hit)
571 http cache nanoid@https://registry.npmjs.org/nanoid/-/nanoid-3.3.11.tgz 0ms (cache hit)
572 http cache react-is@https://registry.npmjs.org/react-is/-/react-is-16.13.1.tgz 0ms (cache hit)
573 http cache pathe@https://registry.npmjs.org/pathe/-/pathe-1.1.2.tgz 0ms (cache hit)
574 http cache estree-walker@https://registry.npmjs.org/estree-walker/-/estree-walker-3.0.3.tgz 0ms (cache hit)
575 http cache @radix-ui/react-slot@https://registry.npmjs.org/@radix-ui/react-slot/-/react-slot-1.2.3.tgz 0ms (cache hit)
576 http cache pathe@https://registry.npmjs.org/pathe/-/pathe-1.1.2.tgz 0ms (cache hit)
577 http cache @radix-ui/react-slot@https://registry.npmjs.org/@radix-ui/react-slot/-/react-slot-1.2.3.tgz 0ms (cache hit)
578 http cache @radix-ui/react-context@https://registry.npmjs.org/@radix-ui/react-context/-/react-context-1.1.3.tgz 0ms (cache hit)
579 http cache @radix-ui/react-primitive@https://registry.npmjs.org/@radix-ui/react-primitive/-/react-primitive-2.1.4.tgz 0ms (cache hit)
580 http cache @radix-ui/react-primitive@https://registry.npmjs.org/@radix-ui/react-primitive/-/react-primitive-2.1.4.tgz 0ms (cache hit)
581 http cache @radix-ui/react-slot@https://registry.npmjs.org/@radix-ui/react-slot/-/react-slot-1.2.3.tgz 0ms (cache hit)
582 http cache @radix-ui/react-slot@https://registry.npmjs.org/@radix-ui/react-slot/-/react-slot-1.2.3.tgz 0ms (cache hit)
583 http cache @radix-ui/react-slot@https://registry.npmjs.org/@radix-ui/react-slot/-/react-slot-1.2.3.tgz 0ms (cache hit)
584 http cache @radix-ui/react-primitive@https://registry.npmjs.org/@radix-ui/react-primitive/-/react-primitive-2.1.4.tgz 0ms (cache hit)
585 http cache @radix-ui/react-slot@https://registry.npmjs.org/@radix-ui/react-slot/-/react-slot-1.2.3.tgz 0ms (cache hit)
586 http cache @radix-ui/react-slot@https://registry.npmjs.org/@radix-ui/react-slot/-/react-slot-1.2.3.tgz 0ms (cache hit)
587 http cache @radix-ui/react-primitive@https://registry.npmjs.org/@radix-ui/react-primitive/-/react-primitive-2.1.4.tgz 0ms (cache hit)
588 http cache @radix-ui/react-context@https://registry.npmjs.org/@radix-ui/react-context/-/react-context-1.1.3.tgz 0ms (cache hit)
589 http cache @radix-ui/react-primitive@https://registry.npmjs.org/@radix-ui/react-primitive/-/react-primitive-2.1.4.tgz 0ms (cache hit)
590 http cache @radix-ui/react-slot@https://registry.npmjs.org/@radix-ui/react-slot/-/react-slot-1.2.3.tgz 0ms (cache hit)
591 silly tarball no local data for zod@https://registry.npmjs.org/zod/-/zod-4.3.6.tgz. Extracting by manifest.
592 silly tarball no local data for yallist@https://registry.npmjs.org/yallist/-/yallist-3.1.1.tgz. Extracting by manifest.
593 silly tarball no local data for wouter@https://registry.npmjs.org/wouter/-/wouter-3.9.0.tgz. Extracting by manifest.
594 silly tarball no local data for why-is-node-running@https://registry.npmjs.org/why-is-node-running/-/why-is-node-running-2.3.0.tgz. Extracting by manifest.
595 silly tarball no local data for vitest@https://registry.npmjs.org/vitest/-/vitest-2.1.9.tgz. Extracting by manifest.
596 silly tarball no local data for vite-node@https://registry.npmjs.org/vite-node/-/vite-node-2.1.9.tgz. Extracting by manifest.
597 silly tarball no local data for vite-plugin-manus-runtime@https://registry.npmjs.org/vite-plugin-manus-runtime/-/vite-plugin-manus-runtime-0.0.57.tgz. Extracting by manifest.
598 silly tarball no local data for victory-vendor@https://registry.npmjs.org/victory-vendor/-/victory-vendor-36.9.2.tgz. Extracting by manifest.
599 silly tarball no local data for vite@https://registry.npmjs.org/vite/-/vite-7.3.1.tgz. Extracting by manifest.
600 silly tarball no local data for vaul@https://registry.npmjs.org/vaul/-/vaul-1.1.2.tgz. Extracting by manifest.
601 silly tarball no local data for util-deprecate@https://registry.npmjs.org/util-deprecate/-/util-deprecate-1.0.2.tgz. Extracting by manifest.
602 silly tarball no local data for use-sync-external-store@https://registry.npmjs.org/use-sync-external-store/-/use-sync-external-store-1.6.0.tgz. Extracting by manifest.
603 silly tarball no local data for use-callback-ref@https://registry.npmjs.org/use-callback-ref/-/use-callback-ref-1.3.3.tgz. Extracting by manifest.
604 silly tarball no local data for update-browserslist-db@https://registry.npmjs.org/update-browserslist-db/-/update-browserslist-db-1.2.3.tgz. Extracting by manifest.
605 silly tarball no local data for undici-types@https://registry.npmjs.org/undici-types/-/undici-types-7.16.0.tgz. Extracting by manifest.
606 silly tarball no local data for tw-animate-css@https://registry.npmjs.org/tw-animate-css/-/tw-animate-css-1.4.0.tgz. Extracting by manifest.
607 silly tarball no local data for typescript@https://registry.npmjs.org/typescript/-/typescript-5.9.3.tgz. Extracting by manifest.
608 silly tarball no local data for tsx@https://registry.npmjs.org/tsx/-/tsx-4.21.0.tgz. Extracting by manifest.
609 silly tarball no local data for use-sidecar@https://registry.npmjs.org/use-sidecar/-/use-sidecar-1.1.3.tgz. Extracting by manifest.
610 silly tarball no local data for tslib@https://registry.npmjs.org/tslib/-/tslib-2.8.1.tgz. Extracting by manifest.
611 silly tarball no local data for tinyrainbow@https://registry.npmjs.org/tinyrainbow/-/tinyrainbow-1.2.0.tgz. Extracting by manifest.
612 silly tarball no local data for tinypool@https://registry.npmjs.org/tinypool/-/tinypool-1.1.1.tgz. Extracting by manifest.
613 silly tarball no local data for tinyglobby@https://registry.npmjs.org/tinyglobby/-/tinyglobby-0.2.15.tgz. Extracting by manifest.
614 silly tarball no local data for tinybench@https://registry.npmjs.org/tinybench/-/tinybench-2.9.0.tgz. Extracting by manifest.
615 silly tarball no local data for tinyspy@https://registry.npmjs.org/tinyspy/-/tinyspy-3.0.2.tgz. Extracting by manifest.
616 silly tarball no local data for tiny-invariant@https://registry.npmjs.org/tiny-invariant/-/tiny-invariant-1.3.3.tgz. Extracting by manifest.
617 silly tarball no local data for tailwindcss-animate@https://registry.npmjs.org/tailwindcss-animate/-/tailwindcss-animate-1.0.7.tgz. Extracting by manifest.
618 silly tarball no local data for tailwindcss@https://registry.npmjs.org/tailwindcss/-/tailwindcss-4.1.18.tgz. Extracting by manifest.
619 silly tarball no local data for tailwind-merge@https://registry.npmjs.org/tailwind-merge/-/tailwind-merge-3.4.0.tgz. Extracting by manifest.
620 silly tarball no local data for std-env@https://registry.npmjs.org/std-env/-/std-env-3.10.0.tgz. Extracting by manifest.
621 silly tarball no local data for source-map-js@https://registry.npmjs.org/source-map-js/-/source-map-js-1.2.1.tgz. Extracting by manifest.
622 silly tarball no local data for sonner@https://registry.npmjs.org/sonner/-/sonner-2.0.7.tgz. Extracting by manifest.
623 silly tarball no local data for siginfo@https://registry.npmjs.org/siginfo/-/siginfo-2.0.0.tgz. Extracting by manifest.
624 silly tarball no local data for tapable@https://registry.npmjs.org/tapable/-/tapable-2.3.0.tgz. Extracting by manifest.
625 silly tarball no local data for semver@https://registry.npmjs.org/semver/-/semver-6.3.1.tgz. Extracting by manifest.
626 silly tarball no local data for scheduler@https://registry.npmjs.org/scheduler/-/scheduler-0.27.0.tgz. Extracting by manifest.
627 silly tarball no local data for stackback@https://registry.npmjs.org/stackback/-/stackback-0.0.2.tgz. Extracting by manifest.
628 silly tarball no local data for rollup@https://registry.npmjs.org/rollup/-/rollup-4.57.1.tgz. Extracting by manifest.
629 silly tarball no local data for resolve-pkg-maps@https://registry.npmjs.org/resolve-pkg-maps/-/resolve-pkg-maps-1.0.0.tgz. Extracting by manifest.
630 silly tarball no local data for regexparam@https://registry.npmjs.org/regexparam/-/regexparam-3.0.0.tgz. Extracting by manifest.
631 silly tarball no local data for recharts-scale@https://registry.npmjs.org/recharts-scale/-/recharts-scale-0.4.5.tgz. Extracting by manifest.
632 silly tarball no local data for react-transition-group@https://registry.npmjs.org/react-transition-group/-/react-transition-group-4.4.5.tgz. Extracting by manifest.
633 silly tarball no local data for react-resizable-panels@https://registry.npmjs.org/react-resizable-panels/-/react-resizable-panels-3.0.6.tgz. Extracting by manifest.
634 silly tarball no local data for recharts@https://registry.npmjs.org/recharts/-/recharts-2.15.4.tgz. Extracting by manifest.
635 silly tarball no local data for react-remove-scroll-bar@https://registry.npmjs.org/react-remove-scroll-bar/-/react-remove-scroll-bar-2.3.8.tgz. Extracting by manifest.
636 silly tarball no local data for react-smooth@https://registry.npmjs.org/react-smooth/-/react-smooth-4.0.4.tgz. Extracting by manifest.
637 silly tarball no local data for react-refresh@https://registry.npmjs.org/react-refresh/-/react-refresh-0.18.0.tgz. Extracting by manifest.
638 silly tarball no local data for react-remove-scroll@https://registry.npmjs.org/react-remove-scroll/-/react-remove-scroll-2.7.2.tgz. Extracting by manifest.
639 silly tarball no local data for react-is@https://registry.npmjs.org/react-is/-/react-is-18.3.1.tgz. Extracting by manifest.
640 silly tarball no local data for react-style-singleton@https://registry.npmjs.org/react-style-singleton/-/react-style-singleton-2.2.3.tgz. Extracting by manifest.
641 silly tarball no local data for react-dom@https://registry.npmjs.org/react-dom/-/react-dom-19.2.4.tgz. Extracting by manifest.
642 silly tarball no local data for react-hook-form@https://registry.npmjs.org/react-hook-form/-/react-hook-form-7.71.1.tgz. Extracting by manifest.
643 silly tarball no local data for react-day-picker@https://registry.npmjs.org/react-day-picker/-/react-day-picker-9.13.0.tgz. Extracting by manifest.
644 silly tarball no local data for prop-types@https://registry.npmjs.org/prop-types/-/prop-types-15.8.1.tgz. Extracting by manifest.
645 silly tarball no local data for postcss-value-parser@https://registry.npmjs.org/postcss-value-parser/-/postcss-value-parser-4.2.0.tgz. Extracting by manifest.
646 silly tarball no local data for prettier@https://registry.npmjs.org/prettier/-/prettier-3.8.1.tgz. Extracting by manifest.
647 silly tarball no local data for postcss-selector-parser@https://registry.npmjs.org/postcss-selector-parser/-/postcss-selector-parser-6.0.10.tgz. Extracting by manifest.
648 silly tarball no local data for postcss@https://registry.npmjs.org/postcss/-/postcss-8.5.6.tgz. Extracting by manifest.
649 silly tarball no local data for pnpm@https://registry.npmjs.org/pnpm/-/pnpm-10.28.2.tgz. Extracting by manifest.
650 silly tarball no local data for picomatch@https://registry.npmjs.org/picomatch/-/picomatch-4.0.3.tgz. Extracting by manifest.
651 silly tarball no local data for pathval@https://registry.npmjs.org/pathval/-/pathval-2.0.1.tgz. Extracting by manifest.
652 silly tarball no local data for react@https://registry.npmjs.org/react/-/react-19.2.4.tgz. Extracting by manifest.
653 silly tarball no local data for picocolors@https://registry.npmjs.org/picocolors/-/picocolors-1.1.1.tgz. Extracting by manifest.
654 silly tarball no local data for node-releases@https://registry.npmjs.org/node-releases/-/node-releases-2.0.27.tgz. Extracting by manifest.
655 silly tarball no local data for object-assign@https://registry.npmjs.org/object-assign/-/object-assign-4.1.1.tgz. Extracting by manifest.
656 silly tarball no local data for ms@https://registry.npmjs.org/ms/-/ms-2.1.3.tgz. Extracting by manifest.
657 silly tarball no local data for motion-utils@https://registry.npmjs.org/motion-utils/-/motion-utils-12.29.2.tgz. Extracting by manifest.
658 silly tarball no local data for next-themes@https://registry.npmjs.org/next-themes/-/next-themes-0.4.6.tgz. Extracting by manifest.
659 silly tarball no local data for motion-dom@https://registry.npmjs.org/motion-dom/-/motion-dom-12.30.1.tgz. Extracting by manifest.
660 silly tarball no local data for modern-screenshot@https://registry.npmjs.org/modern-screenshot/-/modern-screenshot-4.6.8.tgz. Extracting by manifest.
661 silly tarball no local data for mitt@https://registry.npmjs.org/mitt/-/mitt-3.0.1.tgz. Extracting by manifest.
662 silly tarball no local data for nanoid@https://registry.npmjs.org/nanoid/-/nanoid-5.1.6.tgz. Extracting by manifest.
663 silly tarball no local data for lucide-react@https://registry.npmjs.org/lucide-react/-/lucide-react-0.453.0.tgz. Extracting by manifest.
664 silly tarball no local data for lru-cache@https://registry.npmjs.org/lru-cache/-/lru-cache-5.1.1.tgz. Extracting by manifest.
665 silly tarball no local data for magic-string@https://registry.npmjs.org/magic-string/-/magic-string-0.30.21.tgz. Extracting by manifest.
666 silly tarball no local data for lodash@https://registry.npmjs.org/lodash/-/lodash-4.17.23.tgz. Extracting by manifest.
667 silly tarball no local data for loupe@https://registry.npmjs.org/loupe/-/loupe-3.2.1.tgz. Extracting by manifest.
668 silly tarball no local data for lightningcss-darwin-arm64@https://registry.npmjs.org/lightningcss-darwin-arm64/-/lightningcss-darwin-arm64-1.30.2.tgz. Extracting by manifest.
669 silly tarball no local data for lightningcss@https://registry.npmjs.org/lightningcss/-/lightningcss-1.30.2.tgz. Extracting by manifest.
670 silly tarball no local data for json5@https://registry.npmjs.org/json5/-/json5-2.2.3.tgz. Extracting by manifest.
671 silly tarball no local data for js-tokens@https://registry.npmjs.org/js-tokens/-/js-tokens-4.0.0.tgz. Extracting by manifest.
672 silly tarball no local data for jsesc@https://registry.npmjs.org/jsesc/-/jsesc-3.1.0.tgz. Extracting by manifest.
673 silly tarball no local data for loose-envify@https://registry.npmjs.org/loose-envify/-/loose-envify-1.4.0.tgz. Extracting by manifest.
674 silly tarball no local data for internmap@https://registry.npmjs.org/internmap/-/internmap-2.0.3.tgz. Extracting by manifest.
675 silly tarball no local data for graceful-fs@https://registry.npmjs.org/graceful-fs/-/graceful-fs-4.2.11.tgz. Extracting by manifest.
676 silly tarball no local data for get-tsconfig@https://registry.npmjs.org/get-tsconfig/-/get-tsconfig-4.13.1.tgz. Extracting by manifest.
677 silly tarball no local data for jiti@https://registry.npmjs.org/jiti/-/jiti-2.6.1.tgz. Extracting by manifest.
678 silly tarball no local data for get-nonce@https://registry.npmjs.org/get-nonce/-/get-nonce-1.0.1.tgz. Extracting by manifest.
679 silly tarball no local data for input-otp@https://registry.npmjs.org/input-otp/-/input-otp-1.4.2.tgz. Extracting by manifest.
680 silly tarball no local data for gensync@https://registry.npmjs.org/gensync/-/gensync-1.0.0-beta.2.tgz. Extracting by manifest.
681 silly tarball no local data for framer-motion@https://registry.npmjs.org/framer-motion/-/framer-motion-12.31.0.tgz. Extracting by manifest.
682 silly tarball no local data for fsevents@https://registry.npmjs.org/fsevents/-/fsevents-2.3.3.tgz. Extracting by manifest.
683 silly tarball no local data for fraction.js@https://registry.npmjs.org/fraction.js/-/fraction.js-5.3.4.tgz. Extracting by manifest.
684 silly tarball no local data for fdir@https://registry.npmjs.org/fdir/-/fdir-6.5.0.tgz. Extracting by manifest.
685 silly tarball no local data for fast-equals@https://registry.npmjs.org/fast-equals/-/fast-equals-5.4.0.tgz. Extracting by manifest.
686 silly tarball no local data for expect-type@https://registry.npmjs.org/expect-type/-/expect-type-1.3.0.tgz. Extracting by manifest.
687 silly tarball no local data for estree-walker@https://registry.npmjs.org/estree-walker/-/estree-walker-2.0.2.tgz. Extracting by manifest.
688 silly tarball no local data for escalade@https://registry.npmjs.org/escalade/-/escalade-3.2.0.tgz. Extracting by manifest.
689 silly tarball no local data for eventemitter3@https://registry.npmjs.org/eventemitter3/-/eventemitter3-4.0.7.tgz. Extracting by manifest.
690 silly tarball no local data for es-module-lexer@https://registry.npmjs.org/es-module-lexer/-/es-module-lexer-1.7.0.tgz. Extracting by manifest.
691 silly tarball no local data for enhanced-resolve@https://registry.npmjs.org/enhanced-resolve/-/enhanced-resolve-5.19.0.tgz. Extracting by manifest.
692 silly tarball no local data for embla-carousel-react@https://registry.npmjs.org/embla-carousel-react/-/embla-carousel-react-8.6.0.tgz. Extracting by manifest.
693 silly tarball no local data for embla-carousel@https://registry.npmjs.org/embla-carousel/-/embla-carousel-8.6.0.tgz. Extracting by manifest.
694 silly tarball no local data for embla-carousel-reactive-utils@https://registry.npmjs.org/embla-carousel-reactive-utils/-/embla-carousel-reactive-utils-8.6.0.tgz. Extracting by manifest.
695 silly tarball no local data for dom-helpers@https://registry.npmjs.org/dom-helpers/-/dom-helpers-5.2.1.tgz. Extracting by manifest.
696 silly tarball no local data for detect-libc@https://registry.npmjs.org/detect-libc/-/detect-libc-2.1.2.tgz. Extracting by manifest.
697 silly tarball no local data for detect-node-es@https://registry.npmjs.org/detect-node-es/-/detect-node-es-1.1.0.tgz. Extracting by manifest.
698 silly tarball no local data for deep-eql@https://registry.npmjs.org/deep-eql/-/deep-eql-5.0.2.tgz. Extracting by manifest.
699 silly tarball no local data for decimal.js-light@https://registry.npmjs.org/decimal.js-light/-/decimal.js-light-2.5.1.tgz. Extracting by manifest.
700 silly tarball no local data for electron-to-chromium@https://registry.npmjs.org/electron-to-chromium/-/electron-to-chromium-1.5.286.tgz. Extracting by manifest.
701 silly tarball no local data for debug@https://registry.npmjs.org/debug/-/debug-4.4.3.tgz. Extracting by manifest.
702 silly tarball no local data for date-fns-jalali@https://registry.npmjs.org/date-fns-jalali/-/date-fns-jalali-4.1.0-0.tgz. Extracting by manifest.
703 silly tarball no local data for date-fns@https://registry.npmjs.org/date-fns/-/date-fns-4.1.0.tgz. Extracting by manifest.
704 silly tarball no local data for d3-timer@https://registry.npmjs.org/d3-timer/-/d3-timer-3.0.1.tgz. Extracting by manifest.
705 silly tarball no local data for d3-time-format@https://registry.npmjs.org/d3-time-format/-/d3-time-format-4.1.0.tgz. Extracting by manifest.
706 silly tarball no local data for d3-shape@https://registry.npmjs.org/d3-shape/-/d3-shape-3.2.0.tgz. Extracting by manifest.
707 silly tarball no local data for d3-time@https://registry.npmjs.org/d3-time/-/d3-time-3.1.0.tgz. Extracting by manifest.
708 silly tarball no local data for d3-path@https://registry.npmjs.org/d3-path/-/d3-path-3.1.0.tgz. Extracting by manifest.
709 silly tarball no local data for d3-scale@https://registry.npmjs.org/d3-scale/-/d3-scale-4.0.2.tgz. Extracting by manifest.
710 silly tarball no local data for d3-interpolate@https://registry.npmjs.org/d3-interpolate/-/d3-interpolate-3.0.1.tgz. Extracting by manifest.
711 silly tarball no local data for d3-format@https://registry.npmjs.org/d3-format/-/d3-format-3.1.2.tgz. Extracting by manifest.
712 silly tarball no local data for d3-array@https://registry.npmjs.org/d3-array/-/d3-array-3.2.4.tgz. Extracting by manifest.
713 silly tarball no local data for csstype@https://registry.npmjs.org/csstype/-/csstype-3.2.3.tgz. Extracting by manifest.
714 silly tarball no local data for cssesc@https://registry.npmjs.org/cssesc/-/cssesc-3.0.0.tgz. Extracting by manifest.
715 silly tarball no local data for d3-ease@https://registry.npmjs.org/d3-ease/-/d3-ease-3.0.1.tgz. Extracting by manifest.
716 silly tarball no local data for convert-source-map@https://registry.npmjs.org/convert-source-map/-/convert-source-map-2.0.0.tgz. Extracting by manifest.
717 silly tarball no local data for d3-color@https://registry.npmjs.org/d3-color/-/d3-color-3.1.0.tgz. Extracting by manifest.
718 silly tarball no local data for cmdk@https://registry.npmjs.org/cmdk/-/cmdk-1.1.1.tgz. Extracting by manifest.
719 silly tarball no local data for clsx@https://registry.npmjs.org/clsx/-/clsx-2.1.1.tgz. Extracting by manifest.
720 silly tarball no local data for class-variance-authority@https://registry.npmjs.org/class-variance-authority/-/class-variance-authority-0.7.1.tgz. Extracting by manifest.
721 silly tarball no local data for check-error@https://registry.npmjs.org/check-error/-/check-error-2.1.3.tgz. Extracting by manifest.
722 silly tarball no local data for chai@https://registry.npmjs.org/chai/-/chai-5.3.3.tgz. Extracting by manifest.
723 silly tarball no local data for cac@https://registry.npmjs.org/cac/-/cac-6.7.14.tgz. Extracting by manifest.
724 silly tarball no local data for browserslist@https://registry.npmjs.org/browserslist/-/browserslist-4.28.1.tgz. Extracting by manifest.
725 silly tarball no local data for caniuse-lite@https://registry.npmjs.org/caniuse-lite/-/caniuse-lite-1.0.30001767.tgz. Extracting by manifest.
726 silly tarball no local data for baseline-browser-mapping@https://registry.npmjs.org/baseline-browser-mapping/-/baseline-browser-mapping-2.9.19.tgz. Extracting by manifest.
727 silly tarball no local data for autoprefixer@https://registry.npmjs.org/autoprefixer/-/autoprefixer-10.4.24.tgz. Extracting by manifest.
728 silly tarball no local data for assertion-error@https://registry.npmjs.org/assertion-error/-/assertion-error-2.0.1.tgz. Extracting by manifest.
729 silly tarball no local data for aria-hidden@https://registry.npmjs.org/aria-hidden/-/aria-hidden-1.2.6.tgz. Extracting by manifest.
730 silly tarball no local data for add@https://registry.npmjs.org/add/-/add-2.0.6.tgz. Extracting by manifest.
731 silly tarball no local data for @vitest/snapshot@https://registry.npmjs.org/@vitest/snapshot/-/snapshot-2.1.9.tgz. Extracting by manifest.
732 silly tarball no local data for @vitest/runner@https://registry.npmjs.org/@vitest/runner/-/runner-2.1.9.tgz. Extracting by manifest.
733 silly tarball no local data for @vitest/spy@https://registry.npmjs.org/@vitest/spy/-/spy-2.1.9.tgz. Extracting by manifest.
734 silly tarball no local data for @vitest/mocker@https://registry.npmjs.org/@vitest/mocker/-/mocker-2.1.9.tgz. Extracting by manifest.
735 silly tarball no local data for @vitest/pretty-format@https://registry.npmjs.org/@vitest/pretty-format/-/pretty-format-2.1.9.tgz. Extracting by manifest.
736 silly tarball no local data for @vitest/expect@https://registry.npmjs.org/@vitest/expect/-/expect-2.1.9.tgz. Extracting by manifest.
737 silly tarball no local data for @types/react@https://registry.npmjs.org/@types/react/-/react-19.2.10.tgz. Extracting by manifest.
738 silly tarball no local data for @vitest/utils@https://registry.npmjs.org/@vitest/utils/-/utils-2.1.9.tgz. Extracting by manifest.
739 silly tarball no local data for @vitejs/plugin-react@https://registry.npmjs.org/@vitejs/plugin-react/-/plugin-react-5.1.3.tgz. Extracting by manifest.
740 silly tarball no local data for @types/node@https://registry.npmjs.org/@types/node/-/node-24.10.10.tgz. Extracting by manifest.
741 silly tarball no local data for @types/estree@https://registry.npmjs.org/@types/estree/-/estree-1.0.8.tgz. Extracting by manifest.
742 silly tarball no local data for @types/d3-timer@https://registry.npmjs.org/@types/d3-timer/-/d3-timer-3.0.2.tgz. Extracting by manifest.
743 silly tarball no local data for @types/react-dom@https://registry.npmjs.org/@types/react-dom/-/react-dom-19.2.3.tgz. Extracting by manifest.
744 silly tarball no local data for @types/d3-time@https://registry.npmjs.org/@types/d3-time/-/d3-time-3.0.4.tgz. Extracting by manifest.
745 silly tarball no local data for @types/d3-shape@https://registry.npmjs.org/@types/d3-shape/-/d3-shape-3.1.8.tgz. Extracting by manifest.
746 silly tarball no local data for @types/google.maps@https://registry.npmjs.org/@types/google.maps/-/google.maps-3.58.1.tgz. Extracting by manifest.
747 silly tarball no local data for @types/d3-scale@https://registry.npmjs.org/@types/d3-scale/-/d3-scale-4.0.9.tgz. Extracting by manifest.
748 silly tarball no local data for @types/d3-interpolate@https://registry.npmjs.org/@types/d3-interpolate/-/d3-interpolate-3.0.4.tgz. Extracting by manifest.
749 silly tarball no local data for @types/d3-ease@https://registry.npmjs.org/@types/d3-ease/-/d3-ease-3.0.2.tgz. Extracting by manifest.
750 silly tarball no local data for @types/d3-path@https://registry.npmjs.org/@types/d3-path/-/d3-path-3.1.1.tgz. Extracting by manifest.
751 silly tarball no local data for @types/babel__traverse@https://registry.npmjs.org/@types/babel__traverse/-/babel__traverse-7.28.0.tgz. Extracting by manifest.
752 silly tarball no local data for @types/d3-array@https://registry.npmjs.org/@types/d3-array/-/d3-array-3.2.2.tgz. Extracting by manifest.
753 silly tarball no local data for @types/babel__template@https://registry.npmjs.org/@types/babel__template/-/babel__template-7.4.4.tgz. Extracting by manifest.
754 silly tarball no local data for @types/d3-color@https://registry.npmjs.org/@types/d3-color/-/d3-color-3.1.3.tgz. Extracting by manifest.
755 silly tarball no local data for @types/babel__generator@https://registry.npmjs.org/@types/babel__generator/-/babel__generator-7.27.0.tgz. Extracting by manifest.
756 silly tarball no local data for @tanstack/react-query@https://registry.npmjs.org/@tanstack/react-query/-/react-query-5.90.20.tgz. Extracting by manifest.
757 silly tarball no local data for @types/babel__core@https://registry.npmjs.org/@types/babel__core/-/babel__core-7.20.5.tgz. Extracting by manifest.
758 silly tarball no local data for @tailwindcss/vite@https://registry.npmjs.org/@tailwindcss/vite/-/vite-4.1.18.tgz. Extracting by manifest.
759 silly tarball no local data for @tanstack/query-core@https://registry.npmjs.org/@tanstack/query-core/-/query-core-5.90.20.tgz. Extracting by manifest.
760 silly tarball no local data for @tailwindcss/oxide-darwin-arm64@https://registry.npmjs.org/@tailwindcss/oxide-darwin-arm64/-/oxide-darwin-arm64-4.1.18.tgz. Extracting by manifest.
761 silly tarball no local data for @tailwindcss/oxide@https://registry.npmjs.org/@tailwindcss/oxide/-/oxide-4.1.18.tgz. Extracting by manifest.
762 silly tarball no local data for @tailwindcss/typography@https://registry.npmjs.org/@tailwindcss/typography/-/typography-0.5.19.tgz. Extracting by manifest.
763 silly tarball no local data for @rollup/rollup-darwin-arm64@https://registry.npmjs.org/@rollup/rollup-darwin-arm64/-/rollup-darwin-arm64-4.57.1.tgz. Extracting by manifest.
764 silly tarball no local data for @rolldown/pluginutils@https://registry.npmjs.org/@rolldown/pluginutils/-/pluginutils-1.0.0-rc.2.tgz. Extracting by manifest.
765 silly tarball no local data for @tailwindcss/node@https://registry.npmjs.org/@tailwindcss/node/-/node-4.1.18.tgz. Extracting by manifest.
766 silly tarball no local data for @standard-schema/utils@https://registry.npmjs.org/@standard-schema/utils/-/utils-0.3.0.tgz. Extracting by manifest.
767 silly tarball no local data for @radix-ui/rect@https://registry.npmjs.org/@radix-ui/rect/-/rect-1.1.1.tgz. Extracting by manifest.
768 silly tarball no local data for @radix-ui/react-visually-hidden@https://registry.npmjs.org/@radix-ui/react-visually-hidden/-/react-visually-hidden-1.2.3.tgz. Extracting by manifest.
769 silly tarball no local data for @radix-ui/react-use-size@https://registry.npmjs.org/@radix-ui/react-use-size/-/react-use-size-1.1.1.tgz. Extracting by manifest.
770 silly tarball no local data for @radix-ui/react-use-rect@https://registry.npmjs.org/@radix-ui/react-use-rect/-/react-use-rect-1.1.1.tgz. Extracting by manifest.
771 silly tarball no local data for @radix-ui/react-use-layout-effect@https://registry.npmjs.org/@radix-ui/react-use-layout-effect/-/react-use-layout-effect-1.1.1.tgz. Extracting by manifest.
772 silly tarball no local data for @radix-ui/react-use-is-hydrated@https://registry.npmjs.org/@radix-ui/react-use-is-hydrated/-/react-use-is-hydrated-0.1.0.tgz. Extracting by manifest.
773 silly tarball no local data for @radix-ui/react-use-previous@https://registry.npmjs.org/@radix-ui/react-use-previous/-/react-use-previous-1.1.1.tgz. Extracting by manifest.
774 silly tarball no local data for @radix-ui/react-use-effect-event@https://registry.npmjs.org/@radix-ui/react-use-effect-event/-/react-use-effect-event-0.0.2.tgz. Extracting by manifest.
775 silly tarball no local data for @radix-ui/react-use-controllable-state@https://registry.npmjs.org/@radix-ui/react-use-controllable-state/-/react-use-controllable-state-1.2.2.tgz. Extracting by manifest.
776 silly tarball no local data for @radix-ui/react-use-escape-keydown@https://registry.npmjs.org/@radix-ui/react-use-escape-keydown/-/react-use-escape-keydown-1.1.1.tgz. Extracting by manifest.
777 silly tarball no local data for @radix-ui/react-use-callback-ref@https://registry.npmjs.org/@radix-ui/react-use-callback-ref/-/react-use-callback-ref-1.1.1.tgz. Extracting by manifest.
778 silly tarball no local data for @radix-ui/react-tooltip@https://registry.npmjs.org/@radix-ui/react-tooltip/-/react-tooltip-1.2.8.tgz. Extracting by manifest.
779 silly tarball no local data for @radix-ui/react-tabs@https://registry.npmjs.org/@radix-ui/react-tabs/-/react-tabs-1.1.13.tgz. Extracting by manifest.
780 silly tarball no local data for @radix-ui/react-switch@https://registry.npmjs.org/@radix-ui/react-switch/-/react-switch-1.2.6.tgz. Extracting by manifest.
781 silly tarball no local data for @radix-ui/react-slot@https://registry.npmjs.org/@radix-ui/react-slot/-/react-slot-1.2.4.tgz. Extracting by manifest.
782 silly tarball no local data for @radix-ui/react-toggle-group@https://registry.npmjs.org/@radix-ui/react-toggle-group/-/react-toggle-group-1.1.11.tgz. Extracting by manifest.
783 silly tarball no local data for @radix-ui/react-slider@https://registry.npmjs.org/@radix-ui/react-slider/-/react-slider-1.3.6.tgz. Extracting by manifest.
784 silly tarball no local data for @radix-ui/react-select@https://registry.npmjs.org/@radix-ui/react-select/-/react-select-2.2.6.tgz. Extracting by manifest.
785 silly tarball no local data for @radix-ui/react-separator@https://registry.npmjs.org/@radix-ui/react-separator/-/react-separator-1.1.8.tgz. Extracting by manifest.
786 silly tarball no local data for @radix-ui/react-scroll-area@https://registry.npmjs.org/@radix-ui/react-scroll-area/-/react-scroll-area-1.2.10.tgz. Extracting by manifest.
787 silly tarball no local data for @radix-ui/react-roving-focus@https://registry.npmjs.org/@radix-ui/react-roving-focus/-/react-roving-focus-1.1.11.tgz. Extracting by manifest.
788 silly tarball no local data for @radix-ui/react-toggle@https://registry.npmjs.org/@radix-ui/react-toggle/-/react-toggle-1.1.10.tgz. Extracting by manifest.
789 silly tarball no local data for @radix-ui/react-radio-group@https://registry.npmjs.org/@radix-ui/react-radio-group/-/react-radio-group-1.3.8.tgz. Extracting by manifest.
790 silly tarball no local data for @radix-ui/react-primitive@https://registry.npmjs.org/@radix-ui/react-primitive/-/react-primitive-2.1.3.tgz. Extracting by manifest.
791 silly tarball no local data for @radix-ui/react-progress@https://registry.npmjs.org/@radix-ui/react-progress/-/react-progress-1.1.8.tgz. Extracting by manifest.
792 silly tarball no local data for @radix-ui/react-presence@https://registry.npmjs.org/@radix-ui/react-presence/-/react-presence-1.1.5.tgz. Extracting by manifest.
793 silly tarball no local data for @radix-ui/react-popper@https://registry.npmjs.org/@radix-ui/react-popper/-/react-popper-1.2.8.tgz. Extracting by manifest.
794 silly tarball no local data for @radix-ui/react-popover@https://registry.npmjs.org/@radix-ui/react-popover/-/react-popover-1.1.15.tgz. Extracting by manifest.
795 silly tarball no local data for @radix-ui/react-menubar@https://registry.npmjs.org/@radix-ui/react-menubar/-/react-menubar-1.1.16.tgz. Extracting by manifest.
796 silly tarball no local data for @radix-ui/react-navigation-menu@https://registry.npmjs.org/@radix-ui/react-navigation-menu/-/react-navigation-menu-1.2.14.tgz. Extracting by manifest.
797 silly tarball no local data for @radix-ui/react-portal@https://registry.npmjs.org/@radix-ui/react-portal/-/react-portal-1.1.9.tgz. Extracting by manifest.
798 silly tarball no local data for @radix-ui/react-menu@https://registry.npmjs.org/@radix-ui/react-menu/-/react-menu-2.1.16.tgz. Extracting by manifest.
799 silly tarball no local data for @radix-ui/react-id@https://registry.npmjs.org/@radix-ui/react-id/-/react-id-1.1.1.tgz. Extracting by manifest.
800 silly tarball no local data for @radix-ui/react-label@https://registry.npmjs.org/@radix-ui/react-label/-/react-label-2.1.8.tgz. Extracting by manifest.
801 silly tarball no local data for @radix-ui/react-hover-card@https://registry.npmjs.org/@radix-ui/react-hover-card/-/react-hover-card-1.1.15.tgz. Extracting by manifest.
802 silly tarball no local data for @radix-ui/react-focus-scope@https://registry.npmjs.org/@radix-ui/react-focus-scope/-/react-focus-scope-1.1.7.tgz. Extracting by manifest.
803 silly tarball no local data for @radix-ui/react-dropdown-menu@https://registry.npmjs.org/@radix-ui/react-dropdown-menu/-/react-dropdown-menu-2.1.16.tgz. Extracting by manifest.
804 silly tarball no local data for @radix-ui/react-dismissable-layer@https://registry.npmjs.org/@radix-ui/react-dismissable-layer/-/react-dismissable-layer-1.1.11.tgz. Extracting by manifest.
805 silly tarball no local data for @radix-ui/react-direction@https://registry.npmjs.org/@radix-ui/react-direction/-/react-direction-1.1.1.tgz. Extracting by manifest.
806 silly tarball no local data for @radix-ui/react-dialog@https://registry.npmjs.org/@radix-ui/react-dialog/-/react-dialog-1.1.15.tgz. Extracting by manifest.
807 silly tarball no local data for @radix-ui/react-focus-guards@https://registry.npmjs.org/@radix-ui/react-focus-guards/-/react-focus-guards-1.1.3.tgz. Extracting by manifest.
808 silly tarball no local data for @radix-ui/react-context-menu@https://registry.npmjs.org/@radix-ui/react-context-menu/-/react-context-menu-2.2.16.tgz. Extracting by manifest.
809 silly tarball no local data for @radix-ui/react-context@https://registry.npmjs.org/@radix-ui/react-context/-/react-context-1.1.2.tgz. Extracting by manifest.
810 silly tarball no local data for @radix-ui/react-collapsible@https://registry.npmjs.org/@radix-ui/react-collapsible/-/react-collapsible-1.1.12.tgz. Extracting by manifest.
811 silly tarball no local data for @radix-ui/react-collection@https://registry.npmjs.org/@radix-ui/react-collection/-/react-collection-1.1.7.tgz. Extracting by manifest.
812 silly tarball no local data for @radix-ui/react-compose-refs@https://registry.npmjs.org/@radix-ui/react-compose-refs/-/react-compose-refs-1.1.2.tgz. Extracting by manifest.
813 silly tarball no local data for @radix-ui/react-avatar@https://registry.npmjs.org/@radix-ui/react-avatar/-/react-avatar-1.1.11.tgz. Extracting by manifest.
814 silly tarball no local data for @radix-ui/react-aspect-ratio@https://registry.npmjs.org/@radix-ui/react-aspect-ratio/-/react-aspect-ratio-1.1.8.tgz. Extracting by manifest.
815 silly tarball no local data for @radix-ui/react-arrow@https://registry.npmjs.org/@radix-ui/react-arrow/-/react-arrow-1.1.7.tgz. Extracting by manifest.
816 silly tarball no local data for @radix-ui/react-checkbox@https://registry.npmjs.org/@radix-ui/react-checkbox/-/react-checkbox-1.3.3.tgz. Extracting by manifest.
817 silly tarball no local data for @radix-ui/react-accordion@https://registry.npmjs.org/@radix-ui/react-accordion/-/react-accordion-1.2.12.tgz. Extracting by manifest.
818 silly tarball no local data for @radix-ui/react-alert-dialog@https://registry.npmjs.org/@radix-ui/react-alert-dialog/-/react-alert-dialog-1.1.15.tgz. Extracting by manifest.
819 silly tarball no local data for @radix-ui/primitive@https://registry.npmjs.org/@radix-ui/primitive/-/primitive-1.1.3.tgz. Extracting by manifest.
820 silly tarball no local data for @medv/finder@https://registry.npmjs.org/@medv/finder/-/finder-4.0.2.tgz. Extracting by manifest.
821 silly tarball no local data for @radix-ui/number@https://registry.npmjs.org/@radix-ui/number/-/number-1.1.1.tgz. Extracting by manifest.
822 silly tarball no local data for @jridgewell/trace-mapping@https://registry.npmjs.org/@jridgewell/trace-mapping/-/trace-mapping-0.3.31.tgz. Extracting by manifest.
823 silly tarball no local data for @jridgewell/resolve-uri@https://registry.npmjs.org/@jridgewell/resolve-uri/-/resolve-uri-3.1.2.tgz. Extracting by manifest.
824 silly tarball no local data for @jridgewell/remapping@https://registry.npmjs.org/@jridgewell/remapping/-/remapping-2.3.5.tgz. Extracting by manifest.
825 silly tarball no local data for @jridgewell/gen-mapping@https://registry.npmjs.org/@jridgewell/gen-mapping/-/gen-mapping-0.3.13.tgz. Extracting by manifest.
826 silly tarball no local data for @jridgewell/sourcemap-codec@https://registry.npmjs.org/@jridgewell/sourcemap-codec/-/sourcemap-codec-1.5.5.tgz. Extracting by manifest.
827 silly tarball no local data for @hookform/resolvers@https://registry.npmjs.org/@hookform/resolvers/-/resolvers-5.2.2.tgz. Extracting by manifest.
828 silly tarball no local data for @floating-ui/utils@https://registry.npmjs.org/@floating-ui/utils/-/utils-0.2.10.tgz. Extracting by manifest.
829 silly tarball no local data for @floating-ui/react-dom@https://registry.npmjs.org/@floating-ui/react-dom/-/react-dom-2.1.7.tgz. Extracting by manifest.
830 silly tarball no local data for @floating-ui/core@https://registry.npmjs.org/@floating-ui/core/-/core-1.7.4.tgz. Extracting by manifest.
831 silly tarball no local data for @date-fns/tz@https://registry.npmjs.org/@date-fns/tz/-/tz-1.4.1.tgz. Extracting by manifest.
832 silly tarball no local data for @builder.io/vite-plugin-jsx-loc@https://registry.npmjs.org/@builder.io/vite-plugin-jsx-loc/-/vite-plugin-jsx-loc-0.1.1.tgz. Extracting by manifest.
833 silly tarball no local data for @builder.io/jsx-loc-internals@https://registry.npmjs.org/@builder.io/jsx-loc-internals/-/jsx-loc-internals-0.0.1.tgz. Extracting by manifest.
834 silly tarball no local data for @babel/types@https://registry.npmjs.org/@babel/types/-/types-7.29.0.tgz. Extracting by manifest.
835 silly tarball no local data for @floating-ui/dom@https://registry.npmjs.org/@floating-ui/dom/-/dom-1.7.5.tgz. Extracting by manifest.
836 silly tarball no local data for @babel/template@https://registry.npmjs.org/@babel/template/-/template-7.28.6.tgz. Extracting by manifest.
837 silly tarball no local data for @babel/runtime@https://registry.npmjs.org/@babel/runtime/-/runtime-7.28.6.tgz. Extracting by manifest.
838 silly tarball no local data for @babel/traverse@https://registry.npmjs.org/@babel/traverse/-/traverse-7.29.0.tgz. Extracting by manifest.
839 silly tarball no local data for @babel/plugin-transform-react-jsx-source@https://registry.npmjs.org/@babel/plugin-transform-react-jsx-source/-/plugin-transform-react-jsx-source-7.27.1.tgz. Extracting by manifest.
840 silly tarball no local data for @babel/plugin-transform-react-jsx-self@https://registry.npmjs.org/@babel/plugin-transform-react-jsx-self/-/plugin-transform-react-jsx-self-7.27.1.tgz. Extracting by manifest.
841 silly tarball no local data for @babel/parser@https://registry.npmjs.org/@babel/parser/-/parser-7.29.0.tgz. Extracting by manifest.
842 silly tarball no local data for @babel/helper-validator-option@https://registry.npmjs.org/@babel/helper-validator-option/-/helper-validator-option-7.27.1.tgz. Extracting by manifest.
843 silly tarball no local data for @babel/helper-validator-identifier@https://registry.npmjs.org/@babel/helper-validator-identifier/-/helper-validator-identifier-7.28.5.tgz. Extracting by manifest.
844 silly tarball no local data for @babel/helper-string-parser@https://registry.npmjs.org/@babel/helper-string-parser/-/helper-string-parser-7.27.1.tgz. Extracting by manifest.
845 silly tarball no local data for @babel/helpers@https://registry.npmjs.org/@babel/helpers/-/helpers-7.28.6.tgz. Extracting by manifest.
846 silly tarball no local data for @babel/helper-module-transforms@https://registry.npmjs.org/@babel/helper-module-transforms/-/helper-module-transforms-7.28.6.tgz. Extracting by manifest.
847 silly tarball no local data for @babel/helper-plugin-utils@https://registry.npmjs.org/@babel/helper-plugin-utils/-/helper-plugin-utils-7.28.6.tgz. Extracting by manifest.
848 silly tarball no local data for @babel/helper-module-imports@https://registry.npmjs.org/@babel/helper-module-imports/-/helper-module-imports-7.28.6.tgz. Extracting by manifest.
849 silly tarball no local data for @babel/helper-compilation-targets@https://registry.npmjs.org/@babel/helper-compilation-targets/-/helper-compilation-targets-7.28.6.tgz. Extracting by manifest.
850 silly tarball no local data for @babel/helper-globals@https://registry.npmjs.org/@babel/helper-globals/-/helper-globals-7.28.0.tgz. Extracting by manifest.
851 silly tarball no local data for @babel/core@https://registry.npmjs.org/@babel/core/-/core-7.29.0.tgz. Extracting by manifest.
852 silly tarball no local data for @babel/generator@https://registry.npmjs.org/@babel/generator/-/generator-7.29.0.tgz. Extracting by manifest.
853 silly tarball no local data for @babel/code-frame@https://registry.npmjs.org/@babel/code-frame/-/code-frame-7.29.0.tgz. Extracting by manifest.
854 silly tarball no local data for vite@https://registry.npmjs.org/vite/-/vite-5.4.21.tgz. Extracting by manifest.
855 silly tarball no local data for @babel/compat-data@https://registry.npmjs.org/@babel/compat-data/-/compat-data-7.29.0.tgz. Extracting by manifest.
856 silly tarball no local data for tinyexec@https://registry.npmjs.org/tinyexec/-/tinyexec-0.3.2.tgz. Extracting by manifest.
857 silly tarball no local data for pathe@https://registry.npmjs.org/pathe/-/pathe-1.1.2.tgz. Extracting by manifest.
858 silly tarball no local data for esbuild@https://registry.npmjs.org/esbuild/-/esbuild-0.21.5.tgz. Extracting by manifest.
859 silly tarball no local data for vite@https://registry.npmjs.org/vite/-/vite-5.4.21.tgz. Extracting by manifest.
860 silly tarball no local data for @esbuild/darwin-arm64@https://registry.npmjs.org/@esbuild/darwin-arm64/-/darwin-arm64-0.21.5.tgz. Extracting by manifest.
861 silly tarball no local data for pathe@https://registry.npmjs.org/pathe/-/pathe-1.1.2.tgz. Extracting by manifest.
862 silly tarball no local data for esbuild@https://registry.npmjs.org/esbuild/-/esbuild-0.21.5.tgz. Extracting by manifest.
863 silly tarball no local data for @esbuild/darwin-arm64@https://registry.npmjs.org/@esbuild/darwin-arm64/-/darwin-arm64-0.21.5.tgz. Extracting by manifest.
864 silly tarball no local data for esbuild@https://registry.npmjs.org/esbuild/-/esbuild-0.27.2.tgz. Extracting by manifest.
865 silly tarball no local data for @esbuild/darwin-arm64@https://registry.npmjs.org/@esbuild/darwin-arm64/-/darwin-arm64-0.27.2.tgz. Extracting by manifest.
866 silly tarball no local data for esbuild@https://registry.npmjs.org/esbuild/-/esbuild-0.27.2.tgz. Extracting by manifest.
867 silly tarball no local data for @esbuild/darwin-arm64@https://registry.npmjs.org/@esbuild/darwin-arm64/-/darwin-arm64-0.27.2.tgz. Extracting by manifest.
868 silly tarball no local data for nanoid@https://registry.npmjs.org/nanoid/-/nanoid-3.3.11.tgz. Extracting by manifest.
869 silly tarball no local data for react-is@https://registry.npmjs.org/react-is/-/react-is-16.13.1.tgz. Extracting by manifest.
870 silly tarball no local data for pathe@https://registry.npmjs.org/pathe/-/pathe-1.1.2.tgz. Extracting by manifest.
871 silly tarball no local data for estree-walker@https://registry.npmjs.org/estree-walker/-/estree-walker-3.0.3.tgz. Extracting by manifest.
872 silly tarball no local data for @radix-ui/react-slot@https://registry.npmjs.org/@radix-ui/react-slot/-/react-slot-1.2.3.tgz. Extracting by manifest.
873 silly tarball no local data for pathe@https://registry.npmjs.org/pathe/-/pathe-1.1.2.tgz. Extracting by manifest.
874 silly tarball no local data for @radix-ui/react-slot@https://registry.npmjs.org/@radix-ui/react-slot/-/react-slot-1.2.3.tgz. Extracting by manifest.
875 silly tarball no local data for @radix-ui/react-context@https://registry.npmjs.org/@radix-ui/react-context/-/react-context-1.1.3.tgz. Extracting by manifest.
876 silly tarball no local data for @radix-ui/react-primitive@https://registry.npmjs.org/@radix-ui/react-primitive/-/react-primitive-2.1.4.tgz. Extracting by manifest.
877 silly tarball no local data for @radix-ui/react-primitive@https://registry.npmjs.org/@radix-ui/react-primitive/-/react-primitive-2.1.4.tgz. Extracting by manifest.
878 silly tarball no local data for @radix-ui/react-slot@https://registry.npmjs.org/@radix-ui/react-slot/-/react-slot-1.2.3.tgz. Extracting by manifest.
879 silly tarball no local data for @radix-ui/react-slot@https://registry.npmjs.org/@radix-ui/react-slot/-/react-slot-1.2.3.tgz. Extracting by manifest.
880 silly tarball no local data for @radix-ui/react-slot@https://registry.npmjs.org/@radix-ui/react-slot/-/react-slot-1.2.3.tgz. Extracting by manifest.
881 silly tarball no local data for @radix-ui/react-primitive@https://registry.npmjs.org/@radix-ui/react-primitive/-/react-primitive-2.1.4.tgz. Extracting by manifest.
882 silly tarball no local data for @radix-ui/react-slot@https://registry.npmjs.org/@radix-ui/react-slot/-/react-slot-1.2.3.tgz. Extracting by manifest.
883 silly tarball no local data for @radix-ui/react-slot@https://registry.npmjs.org/@radix-ui/react-slot/-/react-slot-1.2.3.tgz. Extracting by manifest.
884 silly tarball no local data for @radix-ui/react-primitive@https://registry.npmjs.org/@radix-ui/react-primitive/-/react-primitive-2.1.4.tgz. Extracting by manifest.
885 silly tarball no local data for @radix-ui/react-context@https://registry.npmjs.org/@radix-ui/react-context/-/react-context-1.1.3.tgz. Extracting by manifest.
886 silly tarball no local data for @radix-ui/react-primitive@https://registry.npmjs.org/@radix-ui/react-primitive/-/react-primitive-2.1.4.tgz. Extracting by manifest.
887 silly tarball no local data for @radix-ui/react-slot@https://registry.npmjs.org/@radix-ui/react-slot/-/react-slot-1.2.3.tgz. Extracting by manifest.
888 http fetch GET 200 https://registry.npmjs.org/npm 312ms
889 http fetch GET 200 https://registry.npmjs.org/util-deprecate/-/util-deprecate-1.0.2.tgz 169ms (cache miss)
890 http fetch GET 200 https://registry.npmjs.org/update-browserslist-db/-/update-browserslist-db-1.2.3.tgz 187ms (cache miss)
891 http fetch GET 200 https://registry.npmjs.org/why-is-node-running/-/why-is-node-running-2.3.0.tgz 199ms (cache miss)
892 http fetch GET 200 https://registry.npmjs.org/use-sync-external-store/-/use-sync-external-store-1.6.0.tgz 198ms (cache miss)
893 http fetch GET 200 https://registry.npmjs.org/yallist/-/yallist-3.1.1.tgz 200ms (cache miss)
894 http fetch GET 200 https://registry.npmjs.org/wouter/-/wouter-3.9.0.tgz 203ms (cache miss)
895 http fetch GET 200 https://registry.npmjs.org/use-callback-ref/-/use-callback-ref-1.3.3.tgz 205ms (cache miss)
896 http fetch POST 200 https://registry.npmjs.org/-/npm/v1/security/advisories/bulk 561ms
897 silly audit report {
897 silly audit report   esbuild: [
897 silly audit report     {
897 silly audit report       id: 1102341,
897 silly audit report       url: 'https://github.com/advisories/GHSA-67mh-4wv8-2f99',
897 silly audit report       title: 'esbuild enables any website to send any requests to the development server and read the response',
897 silly audit report       severity: 'moderate',
897 silly audit report       vulnerable_versions: '<=0.24.2',
897 silly audit report       cwe: [Array],
897 silly audit report       cvss: [Object]
897 silly audit report     }
897 silly audit report   ]
897 silly audit report }
898 silly packumentCache corgi:https://registry.npmjs.org/esbuild cache-miss
899 http fetch GET 200 https://registry.npmjs.org/undici-types/-/undici-types-7.16.0.tgz 532ms (cache miss)
900 http fetch GET 200 https://registry.npmjs.org/vite-node/-/vite-node-2.1.9.tgz 535ms (cache miss)
901 http fetch GET 200 https://registry.npmjs.org/vaul/-/vaul-1.1.2.tgz 553ms (cache miss)
902 http fetch GET 200 https://registry.npmjs.org/vite-plugin-manus-runtime/-/vite-plugin-manus-runtime-0.0.57.tgz 557ms (cache miss)
903 http fetch GET 200 https://registry.npmjs.org/vitest/-/vitest-2.1.9.tgz 563ms (cache miss)
904 http fetch GET 200 https://registry.npmjs.org/tinyrainbow/-/tinyrainbow-1.2.0.tgz 621ms (cache miss)
905 http fetch GET 200 https://registry.npmjs.org/tinybench/-/tinybench-2.9.0.tgz 645ms (cache miss)
906 http fetch GET 200 https://registry.npmjs.org/tw-animate-css/-/tw-animate-css-1.4.0.tgz 652ms (cache miss)
907 http fetch GET 200 https://registry.npmjs.org/tinyglobby/-/tinyglobby-0.2.15.tgz 688ms (cache miss)
908 http fetch GET 200 https://registry.npmjs.org/tinyspy/-/tinyspy-3.0.2.tgz 688ms (cache miss)
909 http fetch GET 200 https://registry.npmjs.org/tiny-invariant/-/tiny-invariant-1.3.3.tgz 689ms (cache miss)
910 http fetch GET 200 https://registry.npmjs.org/tinypool/-/tinypool-1.1.1.tgz 689ms (cache miss)
911 http fetch GET 200 https://registry.npmjs.org/tailwindcss-animate/-/tailwindcss-animate-1.0.7.tgz 695ms (cache miss)
912 http fetch GET 200 https://registry.npmjs.org/tsx/-/tsx-4.21.0.tgz 708ms (cache miss)
913 http fetch GET 200 https://registry.npmjs.org/tslib/-/tslib-2.8.1.tgz 713ms (cache miss)
914 http fetch GET 200 https://registry.npmjs.org/vite/-/vite-7.3.1.tgz 766ms (cache miss)
915 http fetch GET 200 https://registry.npmjs.org/std-env/-/std-env-3.10.0.tgz 855ms (cache miss)
916 http fetch GET 200 https://registry.npmjs.org/victory-vendor/-/victory-vendor-36.9.2.tgz 879ms (cache miss)
917 http fetch GET 200 https://registry.npmjs.org/tailwindcss/-/tailwindcss-4.1.18.tgz 892ms (cache miss)
918 http fetch GET 200 https://registry.npmjs.org/sonner/-/sonner-2.0.7.tgz 894ms (cache miss)
919 http fetch GET 200 https://registry.npmjs.org/semver/-/semver-6.3.1.tgz 894ms (cache miss)
920 http fetch GET 200 https://registry.npmjs.org/tapable/-/tapable-2.3.0.tgz 974ms (cache miss)
921 http fetch GET 200 https://registry.npmjs.org/source-map-js/-/source-map-js-1.2.1.tgz 1001ms (cache miss)
922 http fetch GET 200 https://registry.npmjs.org/use-sidecar/-/use-sidecar-1.1.3.tgz 1049ms (cache miss)
923 http fetch GET 200 https://registry.npmjs.org/stackback/-/stackback-0.0.2.tgz 1045ms (cache miss)
924 http fetch GET 200 https://registry.npmjs.org/tailwind-merge/-/tailwind-merge-3.4.0.tgz 1052ms (cache miss)
925 http fetch GET 200 https://registry.npmjs.org/siginfo/-/siginfo-2.0.0.tgz 1060ms (cache miss)
926 http fetch GET 200 https://registry.npmjs.org/scheduler/-/scheduler-0.27.0.tgz 1060ms (cache miss)
927 http fetch GET 200 https://registry.npmjs.org/resolve-pkg-maps/-/resolve-pkg-maps-1.0.0.tgz 1062ms (cache miss)
928 http fetch GET 200 https://registry.npmjs.org/regexparam/-/regexparam-3.0.0.tgz 1065ms (cache miss)
929 http fetch GET 200 https://registry.npmjs.org/recharts-scale/-/recharts-scale-0.4.5.tgz 1071ms (cache miss)
930 http fetch GET 200 https://registry.npmjs.org/react-transition-group/-/react-transition-group-4.4.5.tgz 1105ms (cache miss)
931 http fetch GET 200 https://registry.npmjs.org/react-resizable-panels/-/react-resizable-panels-3.0.6.tgz 1132ms (cache miss)
932 http fetch GET 200 https://registry.npmjs.org/react-remove-scroll/-/react-remove-scroll-2.7.2.tgz 1302ms (cache miss)
933 http fetch GET 200 https://registry.npmjs.org/react-style-singleton/-/react-style-singleton-2.2.3.tgz 1303ms (cache miss)
934 http fetch GET 200 https://registry.npmjs.org/react-smooth/-/react-smooth-4.0.4.tgz 1318ms (cache miss)
935 http fetch GET 200 https://registry.npmjs.org/postcss/-/postcss-8.5.6.tgz 1522ms (cache miss)
936 http fetch GET 200 https://registry.npmjs.org/postcss-value-parser/-/postcss-value-parser-4.2.0.tgz 2621ms (cache miss)
937 http fetch GET 200 https://registry.npmjs.org/react-refresh/-/react-refresh-0.18.0.tgz 2645ms (cache miss)
938 http fetch GET 200 https://registry.npmjs.org/react-remove-scroll-bar/-/react-remove-scroll-bar-2.3.8.tgz 2768ms (cache miss)
939 http fetch GET 200 https://registry.npmjs.org/react-hook-form/-/react-hook-form-7.71.1.tgz 2793ms (cache miss)
940 http fetch GET 200 https://registry.npmjs.org/picomatch/-/picomatch-4.0.3.tgz 2802ms (cache miss)
941 http fetch GET 200 https://registry.npmjs.org/recharts/-/recharts-2.15.4.tgz 2916ms (cache miss)
942 http fetch GET 200 https://registry.npmjs.org/pathval/-/pathval-2.0.1.tgz 2916ms (cache miss)
943 http fetch GET 200 https://registry.npmjs.org/react-day-picker/-/react-day-picker-9.13.0.tgz 2963ms (cache miss)
944 http fetch GET 200 https://registry.npmjs.org/react/-/react-19.2.4.tgz 2997ms (cache miss)
945 http fetch GET 200 https://registry.npmjs.org/picocolors/-/picocolors-1.1.1.tgz 3103ms (cache miss)
946 http fetch GET 200 https://registry.npmjs.org/node-releases/-/node-releases-2.0.27.tgz 3104ms (cache miss)
947 http fetch GET 200 https://registry.npmjs.org/motion-utils/-/motion-utils-12.29.2.tgz 3135ms (cache miss)
948 http fetch GET 200 https://registry.npmjs.org/ms/-/ms-2.1.3.tgz 3156ms (cache miss)
949 http fetch GET 200 https://registry.npmjs.org/next-themes/-/next-themes-0.4.6.tgz 3304ms (cache miss)
950 http fetch GET 200 https://registry.npmjs.org/modern-screenshot/-/modern-screenshot-4.6.8.tgz 3370ms (cache miss)
951 http fetch GET 200 https://registry.npmjs.org/mitt/-/mitt-3.0.1.tgz 3447ms (cache miss)
952 http fetch GET 200 https://registry.npmjs.org/nanoid/-/nanoid-5.1.6.tgz 3447ms (cache miss)
953 http fetch GET 200 https://registry.npmjs.org/postcss-selector-parser/-/postcss-selector-parser-6.0.10.tgz 3449ms (cache miss)
954 http fetch GET 200 https://registry.npmjs.org/prop-types/-/prop-types-15.8.1.tgz 3456ms (cache miss)
955 http fetch GET 200 https://registry.npmjs.org/lru-cache/-/lru-cache-5.1.1.tgz 3560ms (cache miss)
956 http fetch GET 200 https://registry.npmjs.org/loupe/-/loupe-3.2.1.tgz 3654ms (cache miss)
957 http fetch GET 200 https://registry.npmjs.org/object-assign/-/object-assign-4.1.1.tgz 3759ms (cache miss)
958 http fetch GET 200 https://registry.npmjs.org/rollup/-/rollup-4.57.1.tgz 4783ms (cache miss)
959 http fetch GET 200 https://registry.npmjs.org/js-tokens/-/js-tokens-4.0.0.tgz 4897ms (cache miss)
960 http fetch GET 200 https://registry.npmjs.org/lodash/-/lodash-4.17.23.tgz 4919ms (cache miss)
961 http fetch GET 200 https://registry.npmjs.org/lightningcss/-/lightningcss-1.30.2.tgz 5085ms (cache miss)
962 http fetch GET 200 https://registry.npmjs.org/jsesc/-/jsesc-3.1.0.tgz 5233ms (cache miss)
963 http fetch GET 200 https://registry.npmjs.org/internmap/-/internmap-2.0.3.tgz 5285ms (cache miss)
964 http fetch GET 200 https://registry.npmjs.org/loose-envify/-/loose-envify-1.4.0.tgz 5339ms (cache miss)
965 http fetch GET 200 https://registry.npmjs.org/graceful-fs/-/graceful-fs-4.2.11.tgz 5451ms (cache miss)
966 http fetch GET 200 https://registry.npmjs.org/get-nonce/-/get-nonce-1.0.1.tgz 5565ms (cache miss)
967 http fetch GET 200 https://registry.npmjs.org/json5/-/json5-2.2.3.tgz 5781ms (cache miss)
968 http fetch GET 200 https://registry.npmjs.org/get-tsconfig/-/get-tsconfig-4.13.1.tgz 5851ms (cache miss)
969 http fetch GET 200 https://registry.npmjs.org/gensync/-/gensync-1.0.0-beta.2.tgz 5852ms (cache miss)
970 http fetch GET 200 https://registry.npmjs.org/prettier/-/prettier-3.8.1.tgz 5859ms (cache miss)
971 http fetch GET 200 https://registry.npmjs.org/input-otp/-/input-otp-1.4.2.tgz 5871ms (cache miss)
972 http fetch GET 200 https://registry.npmjs.org/fdir/-/fdir-6.5.0.tgz 5935ms (cache miss)
973 http fetch GET 200 https://registry.npmjs.org/fsevents/-/fsevents-2.3.3.tgz 6021ms (cache miss)
974 http fetch GET 200 https://registry.npmjs.org/expect-type/-/expect-type-1.3.0.tgz 6139ms (cache miss)
975 http fetch GET 200 https://registry.npmjs.org/fraction.js/-/fraction.js-5.3.4.tgz 6141ms (cache miss)
976 http fetch GET 200 https://registry.npmjs.org/estree-walker/-/estree-walker-2.0.2.tgz 6268ms (cache miss)
977 http fetch GET 200 https://registry.npmjs.org/escalade/-/escalade-3.2.0.tgz 6424ms (cache miss)
978 http fetch GET 200 https://registry.npmjs.org/es-module-lexer/-/es-module-lexer-1.7.0.tgz 6504ms (cache miss)
979 http fetch GET 200 https://registry.npmjs.org/eventemitter3/-/eventemitter3-4.0.7.tgz 6546ms (cache miss)
980 http fetch GET 200 https://registry.npmjs.org/fast-equals/-/fast-equals-5.4.0.tgz 6554ms (cache miss)
981 http fetch GET 200 https://registry.npmjs.org/enhanced-resolve/-/enhanced-resolve-5.19.0.tgz 6627ms (cache miss)
982 http fetch GET 200 https://registry.npmjs.org/embla-carousel-react/-/embla-carousel-react-8.6.0.tgz 6685ms (cache miss)
983 http fetch GET 200 https://registry.npmjs.org/react-is/-/react-is-18.3.1.tgz 6774ms (cache miss)
984 http fetch GET 200 https://registry.npmjs.org/lucide-react/-/lucide-react-0.453.0.tgz 6774ms (cache miss)
985 http fetch GET 200 https://registry.npmjs.org/dom-helpers/-/dom-helpers-5.2.1.tgz 6852ms (cache miss)
986 http fetch GET 200 https://registry.npmjs.org/embla-carousel-reactive-utils/-/embla-carousel-reactive-utils-8.6.0.tgz 6858ms (cache miss)
987 http fetch GET 200 https://registry.npmjs.org/detect-libc/-/detect-libc-2.1.2.tgz 6968ms (cache miss)
988 http fetch GET 200 https://registry.npmjs.org/detect-node-es/-/detect-node-es-1.1.0.tgz 7023ms (cache miss)
989 http fetch GET 200 https://registry.npmjs.org/deep-eql/-/deep-eql-5.0.2.tgz 7079ms (cache miss)
990 http fetch GET 200 https://registry.npmjs.org/decimal.js-light/-/decimal.js-light-2.5.1.tgz 7371ms (cache miss)
991 http fetch GET 200 https://registry.npmjs.org/zod/-/zod-4.3.6.tgz 7440ms (cache miss)
992 http fetch GET 200 https://registry.npmjs.org/magic-string/-/magic-string-0.30.21.tgz 7441ms (cache miss)
993 http fetch GET 200 https://registry.npmjs.org/debug/-/debug-4.4.3.tgz 7465ms (cache miss)
994 http fetch GET 200 https://registry.npmjs.org/d3-timer/-/d3-timer-3.0.1.tgz 7544ms (cache miss)
995 http fetch GET 200 https://registry.npmjs.org/d3-time-format/-/d3-time-format-4.1.0.tgz 7578ms (cache miss)
996 http fetch GET 200 https://registry.npmjs.org/electron-to-chromium/-/electron-to-chromium-1.5.286.tgz 7604ms (cache miss)
997 http fetch GET 200 https://registry.npmjs.org/embla-carousel/-/embla-carousel-8.6.0.tgz 7705ms (cache miss)
998 http fetch GET 200 https://registry.npmjs.org/d3-time/-/d3-time-3.1.0.tgz 7708ms (cache miss)
999 http fetch GET 200 https://registry.npmjs.org/d3-path/-/d3-path-3.1.0.tgz 7717ms (cache miss)
1000 http fetch GET 200 https://registry.npmjs.org/d3-scale/-/d3-scale-4.0.2.tgz 7811ms (cache miss)
1001 http fetch GET 200 https://registry.npmjs.org/d3-format/-/d3-format-3.1.2.tgz 7816ms (cache miss)
1002 http fetch GET 200 https://registry.npmjs.org/csstype/-/csstype-3.2.3.tgz 7876ms (cache miss)
1003 http fetch GET 200 https://registry.npmjs.org/d3-interpolate/-/d3-interpolate-3.0.1.tgz 7904ms (cache miss)
1004 http fetch GET 200 https://registry.npmjs.org/d3-array/-/d3-array-3.2.4.tgz 7942ms (cache miss)
1005 http fetch GET 200 https://registry.npmjs.org/convert-source-map/-/convert-source-map-2.0.0.tgz 8037ms (cache miss)
1006 http fetch GET 200 https://registry.npmjs.org/cssesc/-/cssesc-3.0.0.tgz 8054ms (cache miss)
1007 http fetch GET 200 https://registry.npmjs.org/d3-ease/-/d3-ease-3.0.1.tgz 8055ms (cache miss)
1008 http fetch GET 200 https://registry.npmjs.org/cmdk/-/cmdk-1.1.1.tgz 8105ms (cache miss)
1009 http fetch GET 200 https://registry.npmjs.org/jiti/-/jiti-2.6.1.tgz 8119ms (cache miss)
1010 http fetch GET 200 https://registry.npmjs.org/d3-color/-/d3-color-3.1.0.tgz 8127ms (cache miss)
1011 http fetch GET 200 https://registry.npmjs.org/motion-dom/-/motion-dom-12.30.1.tgz 8133ms (cache miss)
1012 http fetch GET 200 https://registry.npmjs.org/class-variance-authority/-/class-variance-authority-0.7.1.tgz 8168ms (cache miss)
1013 http fetch GET 200 https://registry.npmjs.org/check-error/-/check-error-2.1.3.tgz 8172ms (cache miss)
1014 http fetch GET 200 https://registry.npmjs.org/clsx/-/clsx-2.1.1.tgz 8185ms (cache miss)
1015 http fetch GET 200 https://registry.npmjs.org/cac/-/cac-6.7.14.tgz 8487ms (cache miss)
1016 http fetch GET 200 https://registry.npmjs.org/browserslist/-/browserslist-4.28.1.tgz 8532ms (cache miss)
1017 http fetch GET 200 https://registry.npmjs.org/assertion-error/-/assertion-error-2.0.1.tgz 8548ms (cache miss)
1018 http fetch GET 200 https://registry.npmjs.org/chai/-/chai-5.3.3.tgz 8651ms (cache miss)
1019 http fetch GET 200 https://registry.npmjs.org/aria-hidden/-/aria-hidden-1.2.6.tgz 8683ms (cache miss)
1020 http fetch GET 200 https://registry.npmjs.org/add/-/add-2.0.6.tgz 8684ms (cache miss)
1021 http fetch GET 200 https://registry.npmjs.org/@vitest/snapshot/-/snapshot-2.1.9.tgz 8693ms (cache miss)
1022 http fetch GET 200 https://registry.npmjs.org/baseline-browser-mapping/-/baseline-browser-mapping-2.9.19.tgz 8701ms (cache miss)
1023 http fetch GET 200 https://registry.npmjs.org/autoprefixer/-/autoprefixer-10.4.24.tgz 8816ms (cache miss)
1024 http fetch GET 200 https://registry.npmjs.org/@vitest/expect/-/expect-2.1.9.tgz 9044ms (cache miss)
1025 http fetch GET 200 https://registry.npmjs.org/d3-shape/-/d3-shape-3.2.0.tgz 9071ms (cache miss)
1026 http fetch GET 200 https://registry.npmjs.org/@vitest/runner/-/runner-2.1.9.tgz 9090ms (cache miss)
1027 http fetch GET 200 https://registry.npmjs.org/@vitest/pretty-format/-/pretty-format-2.1.9.tgz 9271ms (cache miss)
1028 http fetch GET 200 https://registry.npmjs.org/@vitest/mocker/-/mocker-2.1.9.tgz 9382ms (cache miss)
1029 http fetch GET 200 https://registry.npmjs.org/@types/react/-/react-19.2.10.tgz 9422ms (cache miss)
1030 http fetch GET 200 https://registry.npmjs.org/@types/estree/-/estree-1.0.8.tgz 9466ms (cache miss)
1031 http fetch GET 200 https://registry.npmjs.org/@vitest/utils/-/utils-2.1.9.tgz 9524ms (cache miss)
1032 http fetch GET 200 https://registry.npmjs.org/@types/d3-timer/-/d3-timer-3.0.2.tgz 9565ms (cache miss)
1033 http fetch GET 200 https://registry.npmjs.org/@vitejs/plugin-react/-/plugin-react-5.1.3.tgz 9663ms (cache miss)
1034 http fetch GET 200 https://registry.npmjs.org/@types/d3-time/-/d3-time-3.0.4.tgz 9670ms (cache miss)
1035 http fetch GET 200 https://registry.npmjs.org/@types/react-dom/-/react-dom-19.2.3.tgz 9681ms (cache miss)
1036 http fetch GET 200 https://registry.npmjs.org/@types/d3-shape/-/d3-shape-3.1.8.tgz 9753ms (cache miss)
1037 http fetch GET 200 https://registry.npmjs.org/@types/d3-interpolate/-/d3-interpolate-3.0.4.tgz 9806ms (cache miss)
1038 http fetch GET 200 https://registry.npmjs.org/@types/d3-ease/-/d3-ease-3.0.2.tgz 9827ms (cache miss)
1039 http fetch GET 200 https://registry.npmjs.org/@types/d3-path/-/d3-path-3.1.1.tgz 9896ms (cache miss)
1040 http fetch GET 200 https://registry.npmjs.org/@vitest/spy/-/spy-2.1.9.tgz 9928ms (cache miss)
1041 http fetch GET 200 https://registry.npmjs.org/@types/babel__traverse/-/babel__traverse-7.28.0.tgz 9940ms (cache miss)
1042 http fetch GET 200 https://registry.npmjs.org/@types/babel__template/-/babel__template-7.4.4.tgz 10063ms (cache miss)
1043 http fetch GET 200 https://registry.npmjs.org/caniuse-lite/-/caniuse-lite-1.0.30001767.tgz 10134ms (cache miss)
1044 http fetch GET 200 https://registry.npmjs.org/@types/babel__generator/-/babel__generator-7.27.0.tgz 10164ms (cache miss)
1045 http fetch GET 200 https://registry.npmjs.org/@types/d3-color/-/d3-color-3.1.3.tgz 10175ms (cache miss)
1046 http fetch GET 200 https://registry.npmjs.org/@types/d3-scale/-/d3-scale-4.0.9.tgz 10187ms (cache miss)
1047 http fetch GET 200 https://registry.npmjs.org/@types/d3-array/-/d3-array-3.2.2.tgz 10246ms (cache miss)
1048 http fetch GET 200 https://registry.npmjs.org/@tailwindcss/vite/-/vite-4.1.18.tgz 10262ms (cache miss)
1049 http fetch GET 200 https://registry.npmjs.org/@types/babel__core/-/babel__core-7.20.5.tgz 10283ms (cache miss)
1050 http fetch GET 200 https://registry.npmjs.org/@tailwindcss/oxide/-/oxide-4.1.18.tgz 10305ms (cache miss)
1051 http fetch GET 200 https://registry.npmjs.org/@rolldown/pluginutils/-/pluginutils-1.0.0-rc.2.tgz 10411ms (cache miss)
1052 http fetch GET 200 https://registry.npmjs.org/@tanstack/react-query/-/react-query-5.90.20.tgz 10466ms (cache miss)
1053 http fetch GET 200 https://registry.npmjs.org/@types/google.maps/-/google.maps-3.58.1.tgz 10560ms (cache miss)
1054 http fetch GET 200 https://registry.npmjs.org/@tailwindcss/typography/-/typography-0.5.19.tgz 10559ms (cache miss)
1055 http fetch GET 200 https://registry.npmjs.org/@standard-schema/utils/-/utils-0.3.0.tgz 10591ms (cache miss)
1056 http fetch GET 200 https://registry.npmjs.org/@tailwindcss/node/-/node-4.1.18.tgz 10642ms (cache miss)
1057 http fetch GET 200 https://registry.npmjs.org/@radix-ui/react-visually-hidden/-/react-visually-hidden-1.2.3.tgz 10668ms (cache miss)
1058 http fetch GET 200 https://registry.npmjs.org/@radix-ui/react-use-size/-/react-use-size-1.1.1.tgz 10741ms (cache miss)
1059 http fetch GET 200 https://registry.npmjs.org/@radix-ui/react-use-layout-effect/-/react-use-layout-effect-1.1.1.tgz 10740ms (cache miss)
1060 http fetch GET 200 https://registry.npmjs.org/@radix-ui/react-use-previous/-/react-use-previous-1.1.1.tgz 10800ms (cache miss)
1061 http fetch GET 200 https://registry.npmjs.org/@radix-ui/rect/-/rect-1.1.1.tgz 10812ms (cache miss)
1062 http fetch GET 200 https://registry.npmjs.org/date-fns-jalali/-/date-fns-jalali-4.1.0-0.tgz 10824ms (cache miss)
1063 http fetch GET 200 https://registry.npmjs.org/@radix-ui/react-use-escape-keydown/-/react-use-escape-keydown-1.1.1.tgz 10925ms (cache miss)
1064 http fetch GET 200 https://registry.npmjs.org/@radix-ui/react-use-controllable-state/-/react-use-controllable-state-1.2.2.tgz 10968ms (cache miss)
1065 http fetch GET 200 https://registry.npmjs.org/@radix-ui/react-use-callback-ref/-/react-use-callback-ref-1.1.1.tgz 11000ms (cache miss)
1066 http fetch GET 200 https://registry.npmjs.org/@radix-ui/react-use-effect-event/-/react-use-effect-event-0.0.2.tgz 11046ms (cache miss)
1067 http fetch GET 200 https://registry.npmjs.org/@radix-ui/react-use-rect/-/react-use-rect-1.1.1.tgz 11113ms (cache miss)
1068 http fetch GET 200 https://registry.npmjs.org/@radix-ui/react-use-is-hydrated/-/react-use-is-hydrated-0.1.0.tgz 11150ms (cache miss)
1069 http fetch GET 200 https://registry.npmjs.org/@tanstack/query-core/-/query-core-5.90.20.tgz 11230ms (cache miss)
1070 http fetch GET 200 https://registry.npmjs.org/@radix-ui/react-slot/-/react-slot-1.2.4.tgz 11237ms (cache miss)
1071 http fetch GET 200 https://registry.npmjs.org/@radix-ui/react-tabs/-/react-tabs-1.1.13.tgz 11261ms (cache miss)
1072 http fetch GET 200 https://registry.npmjs.org/@radix-ui/react-separator/-/react-separator-1.1.8.tgz 11354ms (cache miss)
1073 http fetch GET 200 https://registry.npmjs.org/@radix-ui/react-switch/-/react-switch-1.2.6.tgz 11359ms (cache miss)
1074 http fetch GET 200 https://registry.npmjs.org/@radix-ui/react-slider/-/react-slider-1.3.6.tgz 11393ms (cache miss)
1075 http fetch GET 200 https://registry.npmjs.org/@radix-ui/react-toggle-group/-/react-toggle-group-1.1.11.tgz 11496ms (cache miss)
1076 http fetch GET 200 https://registry.npmjs.org/@radix-ui/react-roving-focus/-/react-roving-focus-1.1.11.tgz 11528ms (cache miss)
1077 http fetch GET 200 https://registry.npmjs.org/framer-motion/-/framer-motion-12.31.0.tgz 11571ms (cache miss)
1078 http fetch GET 200 https://registry.npmjs.org/@radix-ui/react-toggle/-/react-toggle-1.1.10.tgz 11568ms (cache miss)
1079 http fetch GET 200 https://registry.npmjs.org/@radix-ui/react-primitive/-/react-primitive-2.1.3.tgz 11637ms (cache miss)
1080 http fetch GET 200 https://registry.npmjs.org/@radix-ui/react-presence/-/react-presence-1.1.5.tgz 11684ms (cache miss)
1081 http fetch GET 200 https://registry.npmjs.org/@radix-ui/react-select/-/react-select-2.2.6.tgz 11684ms (cache miss)
1082 http fetch GET 200 https://registry.npmjs.org/date-fns/-/date-fns-4.1.0.tgz 11715ms (cache miss)
1083 http fetch GET 200 https://registry.npmjs.org/@radix-ui/react-tooltip/-/react-tooltip-1.2.8.tgz 11744ms (cache miss)
1084 http fetch GET 200 https://registry.npmjs.org/@radix-ui/react-popper/-/react-popper-1.2.8.tgz 11740ms (cache miss)
1085 http fetch GET 200 https://registry.npmjs.org/@radix-ui/react-popover/-/react-popover-1.1.15.tgz 11798ms (cache miss)
1086 http fetch GET 200 https://registry.npmjs.org/@radix-ui/react-menubar/-/react-menubar-1.1.16.tgz 11801ms (cache miss)
1087 http fetch GET 200 https://registry.npmjs.org/@radix-ui/react-menu/-/react-menu-2.1.16.tgz 11845ms (cache miss)
1088 http fetch GET 200 https://registry.npmjs.org/@radix-ui/react-portal/-/react-portal-1.1.9.tgz 11846ms (cache miss)
1089 http fetch GET 200 https://registry.npmjs.org/@radix-ui/react-navigation-menu/-/react-navigation-menu-1.2.14.tgz 11847ms (cache miss)
1090 http fetch GET 200 https://registry.npmjs.org/@radix-ui/react-id/-/react-id-1.1.1.tgz 11923ms (cache miss)
1091 http fetch GET 200 https://registry.npmjs.org/@radix-ui/react-focus-scope/-/react-focus-scope-1.1.7.tgz 12097ms (cache miss)
1092 http fetch GET 200 https://registry.npmjs.org/@radix-ui/react-progress/-/react-progress-1.1.8.tgz 12102ms (cache miss)
1093 http fetch GET 200 https://registry.npmjs.org/@radix-ui/react-dismissable-layer/-/react-dismissable-layer-1.1.11.tgz 12101ms (cache miss)
1094 http fetch GET 200 https://registry.npmjs.org/@radix-ui/react-radio-group/-/react-radio-group-1.3.8.tgz 12178ms (cache miss)
1095 http fetch GET 200 https://registry.npmjs.org/@radix-ui/react-scroll-area/-/react-scroll-area-1.2.10.tgz 12204ms (cache miss)
1096 http fetch GET 200 https://registry.npmjs.org/@radix-ui/react-focus-guards/-/react-focus-guards-1.1.3.tgz 12252ms (cache miss)
1097 http fetch GET 200 https://registry.npmjs.org/@radix-ui/react-context/-/react-context-1.1.2.tgz 12273ms (cache miss)
1098 http fetch GET 200 https://registry.npmjs.org/@radix-ui/react-dropdown-menu/-/react-dropdown-menu-2.1.16.tgz 12331ms (cache miss)
1099 http fetch GET 200 https://registry.npmjs.org/@radix-ui/react-collapsible/-/react-collapsible-1.1.12.tgz 12354ms (cache miss)
1100 http fetch GET 200 https://registry.npmjs.org/@radix-ui/react-compose-refs/-/react-compose-refs-1.1.2.tgz 12380ms (cache miss)
1101 http fetch GET 200 https://registry.npmjs.org/@types/node/-/node-24.10.10.tgz 12391ms (cache miss)
1102 http fetch GET 200 https://registry.npmjs.org/@radix-ui/react-label/-/react-label-2.1.8.tgz 12409ms (cache miss)
1103 http fetch GET 200 https://registry.npmjs.org/@radix-ui/react-avatar/-/react-avatar-1.1.11.tgz 12432ms (cache miss)
1104 http fetch GET 200 https://registry.npmjs.org/@radix-ui/react-hover-card/-/react-hover-card-1.1.15.tgz 12456ms (cache miss)
1105 http fetch GET 200 https://registry.npmjs.org/@radix-ui/react-arrow/-/react-arrow-1.1.7.tgz 12505ms (cache miss)
1106 http fetch GET 200 https://registry.npmjs.org/@radix-ui/react-alert-dialog/-/react-alert-dialog-1.1.15.tgz 12525ms (cache miss)
1107 http fetch GET 200 https://registry.npmjs.org/@rollup/rollup-darwin-arm64/-/rollup-darwin-arm64-4.57.1.tgz 12544ms (cache miss)
1108 http fetch GET 200 https://registry.npmjs.org/@radix-ui/react-accordion/-/react-accordion-1.2.12.tgz 12542ms (cache miss)
1109 http fetch GET 200 https://registry.npmjs.org/@radix-ui/react-direction/-/react-direction-1.1.1.tgz 12558ms (cache miss)
1110 http fetch GET 200 https://registry.npmjs.org/@radix-ui/primitive/-/primitive-1.1.3.tgz 12587ms (cache miss)
1111 http fetch GET 200 https://registry.npmjs.org/@radix-ui/number/-/number-1.1.1.tgz 12616ms (cache miss)
1112 http fetch GET 200 https://registry.npmjs.org/@radix-ui/react-dialog/-/react-dialog-1.1.15.tgz 12647ms (cache miss)
1113 http fetch GET 200 https://registry.npmjs.org/@jridgewell/trace-mapping/-/trace-mapping-0.3.31.tgz 12661ms (cache miss)
1114 http fetch GET 200 https://registry.npmjs.org/@radix-ui/react-aspect-ratio/-/react-aspect-ratio-1.1.8.tgz 12666ms (cache miss)
1115 http fetch GET 200 https://registry.npmjs.org/@radix-ui/react-collection/-/react-collection-1.1.7.tgz 12715ms (cache miss)
1116 http fetch GET 200 https://registry.npmjs.org/@jridgewell/resolve-uri/-/resolve-uri-3.1.2.tgz 12723ms (cache miss)
1117 http fetch GET 200 https://registry.npmjs.org/@jridgewell/gen-mapping/-/gen-mapping-0.3.13.tgz 12747ms (cache miss)
1118 http fetch GET 200 https://registry.npmjs.org/@jridgewell/remapping/-/remapping-2.3.5.tgz 12747ms (cache miss)
1119 http fetch GET 200 https://registry.npmjs.org/@floating-ui/utils/-/utils-0.2.10.tgz 12779ms (cache miss)
1120 http fetch GET 200 https://registry.npmjs.org/@radix-ui/react-context-menu/-/react-context-menu-2.2.16.tgz 12785ms (cache miss)
1121 http fetch GET 200 https://registry.npmjs.org/@medv/finder/-/finder-4.0.2.tgz 12799ms (cache miss)
1122 http fetch GET 200 https://registry.npmjs.org/@radix-ui/react-checkbox/-/react-checkbox-1.3.3.tgz 12829ms (cache miss)
1123 http fetch GET 200 https://registry.npmjs.org/@jridgewell/sourcemap-codec/-/sourcemap-codec-1.5.5.tgz 12840ms (cache miss)
1124 http fetch GET 200 https://registry.npmjs.org/lightningcss-darwin-arm64/-/lightningcss-darwin-arm64-1.30.2.tgz 12865ms (cache miss)
1125 http fetch GET 200 https://registry.npmjs.org/@floating-ui/core/-/core-1.7.4.tgz 12863ms (cache miss)
1126 http fetch GET 200 https://registry.npmjs.org/@babel/plugin-transform-react-jsx-source/-/plugin-transform-react-jsx-source-7.27.1.tgz 12897ms (cache miss)
1127 http fetch GET 200 https://registry.npmjs.org/@babel/template/-/template-7.28.6.tgz 12949ms (cache miss)
1128 http fetch GET 200 https://registry.npmjs.org/@builder.io/vite-plugin-jsx-loc/-/vite-plugin-jsx-loc-0.1.1.tgz 13024ms (cache miss)
1129 http fetch GET 200 https://registry.npmjs.org/@date-fns/tz/-/tz-1.4.1.tgz 13034ms (cache miss)
1130 http fetch GET 200 https://registry.npmjs.org/@babel/traverse/-/traverse-7.29.0.tgz 13044ms (cache miss)
1131 http fetch GET 200 https://registry.npmjs.org/@babel/helper-validator-option/-/helper-validator-option-7.27.1.tgz 13122ms (cache miss)
1132 http fetch GET 200 https://registry.npmjs.org/@babel/helper-string-parser/-/helper-string-parser-7.27.1.tgz 13134ms (cache miss)
1133 http fetch GET 200 https://registry.npmjs.org/@babel/runtime/-/runtime-7.28.6.tgz 13153ms (cache miss)
1134 http fetch GET 200 https://registry.npmjs.org/@builder.io/jsx-loc-internals/-/jsx-loc-internals-0.0.1.tgz 13158ms (cache miss)
1135 http fetch GET 200 https://registry.npmjs.org/@babel/helper-module-transforms/-/helper-module-transforms-7.28.6.tgz 13235ms (cache miss)
1136 http fetch GET 200 https://registry.npmjs.org/@babel/helper-module-imports/-/helper-module-imports-7.28.6.tgz 13266ms (cache miss)
1137 http fetch GET 200 https://registry.npmjs.org/@babel/plugin-transform-react-jsx-self/-/plugin-transform-react-jsx-self-7.27.1.tgz 13294ms (cache miss)
1138 http fetch GET 200 https://registry.npmjs.org/@hookform/resolvers/-/resolvers-5.2.2.tgz 13384ms (cache miss)
1139 http fetch GET 200 https://registry.npmjs.org/@babel/helper-compilation-targets/-/helper-compilation-targets-7.28.6.tgz 13392ms (cache miss)
1140 http fetch GET 200 https://registry.npmjs.org/@babel/helper-globals/-/helper-globals-7.28.0.tgz 13426ms (cache miss)
1141 http fetch GET 200 https://registry.npmjs.org/@babel/parser/-/parser-7.29.0.tgz 13490ms (cache miss)
1142 http fetch GET 200 https://registry.npmjs.org/@babel/code-frame/-/code-frame-7.29.0.tgz 13542ms (cache miss)
1143 http fetch GET 200 https://registry.npmjs.org/@babel/helper-validator-identifier/-/helper-validator-identifier-7.28.5.tgz 13547ms (cache miss)
1144 http fetch GET 200 https://registry.npmjs.org/@babel/types/-/types-7.29.0.tgz 13553ms (cache miss)
1145 http fetch GET 200 https://registry.npmjs.org/pathe/-/pathe-1.1.2.tgz 13591ms (cache miss)
1146 http fetch GET 200 https://registry.npmjs.org/@babel/compat-data/-/compat-data-7.29.0.tgz 13630ms (cache miss)
1147 http fetch GET 200 https://registry.npmjs.org/tinyexec/-/tinyexec-0.3.2.tgz 13636ms (cache miss)
1148 http fetch GET 200 https://registry.npmjs.org/@babel/generator/-/generator-7.29.0.tgz 13638ms (cache miss)
1149 http fetch GET 200 https://registry.npmjs.org/esbuild/-/esbuild-0.21.5.tgz 13675ms (cache miss)
1150 http fetch GET 200 https://registry.npmjs.org/pathe/-/pathe-1.1.2.tgz 13715ms (cache miss)
1151 http fetch GET 200 https://registry.npmjs.org/@babel/core/-/core-7.29.0.tgz 13718ms (cache miss)
1152 http fetch GET 200 https://registry.npmjs.org/esbuild/-/esbuild-0.21.5.tgz 13723ms (cache miss)
1153 http fetch GET 200 https://registry.npmjs.org/esbuild/-/esbuild-0.27.2.tgz 13804ms (cache miss)
1154 http fetch GET 200 https://registry.npmjs.org/@babel/helpers/-/helpers-7.28.6.tgz 13820ms (cache miss)
1155 http fetch GET 200 https://registry.npmjs.org/esbuild/-/esbuild-0.27.2.tgz 13842ms (cache miss)
1156 http fetch GET 200 https://registry.npmjs.org/@floating-ui/dom/-/dom-1.7.5.tgz 13883ms (cache miss)
1157 http fetch GET 200 https://registry.npmjs.org/nanoid/-/nanoid-3.3.11.tgz 13906ms (cache miss)
1158 http fetch GET 200 https://registry.npmjs.org/@floating-ui/react-dom/-/react-dom-2.1.7.tgz 13950ms (cache miss)
1159 http fetch GET 200 https://registry.npmjs.org/react-is/-/react-is-16.13.1.tgz 13987ms (cache miss)
1160 http fetch GET 200 https://registry.npmjs.org/estree-walker/-/estree-walker-3.0.3.tgz 14011ms (cache miss)
1161 http fetch GET 200 https://registry.npmjs.org/pathe/-/pathe-1.1.2.tgz 14011ms (cache miss)
1162 http fetch GET 200 https://registry.npmjs.org/@radix-ui/react-slot/-/react-slot-1.2.3.tgz 14083ms (cache miss)
1163 http fetch GET 200 https://registry.npmjs.org/pathe/-/pathe-1.1.2.tgz 14122ms (cache miss)
1164 http fetch GET 200 https://registry.npmjs.org/@radix-ui/react-slot/-/react-slot-1.2.3.tgz 14173ms (cache miss)
1165 http fetch GET 200 https://registry.npmjs.org/@babel/helper-plugin-utils/-/helper-plugin-utils-7.28.6.tgz 14219ms (cache miss)
1166 http fetch GET 200 https://registry.npmjs.org/pnpm/-/pnpm-10.28.2.tgz 14272ms (cache miss)
1167 http fetch GET 200 https://registry.npmjs.org/react-dom/-/react-dom-19.2.4.tgz 14297ms (cache miss)
1168 http fetch GET 200 https://registry.npmjs.org/@radix-ui/react-slot/-/react-slot-1.2.3.tgz 14330ms (cache miss)
1169 http fetch GET 200 https://registry.npmjs.org/@radix-ui/react-slot/-/react-slot-1.2.3.tgz 14341ms (cache miss)
1170 http fetch GET 200 https://registry.npmjs.org/@radix-ui/react-slot/-/react-slot-1.2.3.tgz 14378ms (cache miss)
1171 http fetch GET 200 https://registry.npmjs.org/@radix-ui/react-context/-/react-context-1.1.3.tgz 14401ms (cache miss)
1172 http fetch GET 200 https://registry.npmjs.org/@radix-ui/react-slot/-/react-slot-1.2.3.tgz 14415ms (cache miss)
1173 http fetch GET 200 https://registry.npmjs.org/@radix-ui/react-slot/-/react-slot-1.2.3.tgz 14427ms (cache miss)
1174 http fetch GET 200 https://registry.npmjs.org/@radix-ui/react-context/-/react-context-1.1.3.tgz 14494ms (cache miss)
1175 http fetch GET 200 https://registry.npmjs.org/vite/-/vite-5.4.21.tgz 14505ms (cache miss)
1176 http fetch GET 200 https://registry.npmjs.org/@radix-ui/react-slot/-/react-slot-1.2.3.tgz 14519ms (cache miss)
1177 http fetch GET 200 https://registry.npmjs.org/@radix-ui/react-primitive/-/react-primitive-2.1.4.tgz 14521ms (cache miss)
1178 http fetch GET 200 https://registry.npmjs.org/@radix-ui/react-primitive/-/react-primitive-2.1.4.tgz 14521ms (cache miss)
1179 http fetch GET 200 https://registry.npmjs.org/esbuild 14135ms (cache miss)
1180 silly packumentCache corgi:https://registry.npmjs.org/esbuild set size:undefined disposed:false
1181 silly packumentCache corgi:https://registry.npmjs.org/vite cache-miss
1182 http fetch GET 200 https://registry.npmjs.org/@radix-ui/react-primitive/-/react-primitive-2.1.4.tgz 14838ms (cache miss)
1183 http fetch GET 200 https://registry.npmjs.org/vite 530ms (cache miss)
1184 silly packumentCache corgi:https://registry.npmjs.org/vite set size:undefined disposed:false
1185 silly packumentCache corgi:https://registry.npmjs.org/vite-node cache-miss
1186 silly packumentCache corgi:https://registry.npmjs.org/vitest cache-miss
1187 http fetch GET 200 https://registry.npmjs.org/@radix-ui/react-primitive/-/react-primitive-2.1.4.tgz 15342ms (cache miss)
1188 http fetch GET 200 https://registry.npmjs.org/@radix-ui/react-primitive/-/react-primitive-2.1.4.tgz 15348ms (cache miss)
1189 http fetch GET 200 https://registry.npmjs.org/vite/-/vite-5.4.21.tgz 15381ms (cache miss)
1190 http fetch GET 200 https://registry.npmjs.org/vitest 805ms (cache miss)
1191 silly packumentCache corgi:https://registry.npmjs.org/vitest set size:undefined disposed:false
1192 http fetch GET 200 https://registry.npmjs.org/vite-node 869ms (cache miss)
1193 silly packumentCache corgi:https://registry.npmjs.org/vite-node set size:undefined disposed:false
1194 http fetch GET 200 https://registry.npmjs.org/@esbuild/darwin-arm64/-/darwin-arm64-0.21.5.tgz 16936ms (cache miss)
1195 http fetch GET 200 https://registry.npmjs.org/@tailwindcss/oxide-darwin-arm64/-/oxide-darwin-arm64-4.1.18.tgz 17238ms (cache miss)
1196 http fetch GET 200 https://registry.npmjs.org/@esbuild/darwin-arm64/-/darwin-arm64-0.27.2.tgz 17708ms (cache miss)
1197 http fetch GET 200 https://registry.npmjs.org/typescript/-/typescript-5.9.3.tgz 17831ms (cache miss)
1198 http fetch GET 200 https://registry.npmjs.org/@esbuild/darwin-arm64/-/darwin-arm64-0.27.2.tgz 18017ms (cache miss)
1199 http fetch GET 200 https://registry.npmjs.org/@esbuild/darwin-arm64/-/darwin-arm64-0.21.5.tgz 18598ms (cache miss)
1200 info run esbuild@0.27.2 postinstall node_modules/tsx/node_modules/esbuild node install.js
1201 info run esbuild@0.21.5 postinstall node_modules/vite-node/node_modules/esbuild node install.js
1202 info run esbuild@0.27.2 postinstall node_modules/vite/node_modules/esbuild node install.js
1203 info run esbuild@0.21.5 postinstall node_modules/vitest/node_modules/esbuild node install.js
1204 info run esbuild@0.27.2 postinstall { code: 0, signal: null }
1205 info run esbuild@0.21.5 postinstall { code: 0, signal: null }
1206 info run esbuild@0.27.2 postinstall { code: 0, signal: null }
1207 info run esbuild@0.21.5 postinstall { code: 0, signal: null }
1208 verbose stack Error: EACCES: permission denied, open '/Users/jacobmohomutsi/code-projects/pomf/package-lock.json'
1208 verbose stack     at async open (node:internal/fs/promises:642:25)
1208 verbose stack     at async writeFile (node:internal/fs/promises:1249:14)
1208 verbose stack     at async Promise.all (index 0)
1208 verbose stack     at async [saveIdealTree] (/opt/homebrew/lib/node_modules/npm/node_modules/@npmcli/arborist/lib/arborist/reify.js:1583:7)
1208 verbose stack     at async Arborist.reify (/opt/homebrew/lib/node_modules/npm/node_modules/@npmcli/arborist/lib/arborist/reify.js:143:5)
1208 verbose stack     at async Install.exec (/opt/homebrew/lib/node_modules/npm/lib/commands/install.js:150:5)
1208 verbose stack     at async Npm.exec (/opt/homebrew/lib/node_modules/npm/lib/npm.js:208:9)
1208 verbose stack     at async module.exports (/opt/homebrew/lib/node_modules/npm/lib/cli/entry.js:67:5)
1209 error code EACCES
1210 error syscall open
1211 error path /Users/jacobmohomutsi/code-projects/pomf/package-lock.json
1212 error errno -13
1213 error Error: EACCES: permission denied, open '/Users/jacobmohomutsi/code-projects/pomf/package-lock.json'
1213 error     at async open (node:internal/fs/promises:642:25)
1213 error     at async writeFile (node:internal/fs/promises:1249:14)
1213 error     at async Promise.all (index 0)
1213 error     at async [saveIdealTree] (/opt/homebrew/lib/node_modules/npm/node_modules/@npmcli/arborist/lib/arborist/reify.js:1583:7)
1213 error     at async Arborist.reify (/opt/homebrew/lib/node_modules/npm/node_modules/@npmcli/arborist/lib/arborist/reify.js:143:5)
1213 error     at async Install.exec (/opt/homebrew/lib/node_modules/npm/lib/commands/install.js:150:5)
1213 error     at async Npm.exec (/opt/homebrew/lib/node_modules/npm/lib/npm.js:208:9)
1213 error     at async module.exports (/opt/homebrew/lib/node_modules/npm/lib/cli/entry.js:67:5) {
1213 error   errno: -13,
1213 error   code: 'EACCES',
1213 error   syscall: 'open',
1213 error   path: '/Users/jacobmohomutsi/code-projects/pomf/package-lock.json'
1213 error }
1214 error
1214 error The operation was rejected by your operating system.
1214 error It is likely you do not have the permissions to access this file as the current user
1214 error
1214 error If you believe this might be a permissions issue, please double-check the
1214 error permissions of the file and its containing directories, or try running
1214 error the command again as root/Administrator.
1215 silly unfinished npm timer reify 1770149292170
1216 silly unfinished npm timer reify:save 1770149312001
1217 verbose cwd /Users/jacobmohomutsi/code-projects/pomf
1218 verbose os Darwin 24.6.0
1219 verbose node v24.7.0
1220 verbose npm  v11.5.1
1221 notice
1221 notice New [33mminor[39m version of npm available! [33m11.5.1[39m -> [34m11.8.0[39m
1221 notice Changelog: [34mhttps://github.com/npm/cli/releases/tag/v11.8.0[39m
1221 notice To update run: [4mnpm install -g npm@11.8.0[24m
1221 notice  { force: true, Symbol(proc-log.meta): true }
1222 verbose exit -13
1223 verbose code -13
1224 error A complete log of this run can be found in: /Users/jacobmohomutsi/code-projects/pomf/npm-cache/_logs/2026-02-03T20_08_11_903Z-debug-0.log
